ID,electricity_consumption
552,200.01
553,203.46
554,197.58
555,200.28
556,253.62
557,241.38
558,231.3
559,370.02
560,266.67
561,241.44
562,249.15
563,265.44
564,247.59
565,297.42
566,279.12
567,278.7
568,293.85
569,258.57
570,249.12
571,310.77
572,397.5
573,275.88
574,285.09
575,324.36
576,267.27
577,340.59
578,287.94
579,252.18
580,231.18
581,218.94
582,230.58
583,219.09
584,206.22
585,212.52
586,217.08
587,218.82
588,201.66
589,205.11
590,204.93
591,205.11
592,206.1
593,205.65
594,206.31
595,231.42
596,228.87
597,336.42
598,331.44
599,311.07
600,302.88
601,250.11
602,227.73
603,254.4
604,236.64
605,234.39
606,221.37
607,226.17
608,221.22
609,237.39
610,227.97
611,215.28
612,270.3
613,316.71
614,272.52
615,269.16
616,290.16
617,313.38
618,250.95
619,345.66
620,303.6
621,321.81
622,283.2
623,247.92
624,276.66
625,240.63
626,222.81
627,233.94
628,209.1
629,209.97
630,202.23
631,197.76
632,207.12
633,209.7
634,206.91
635,213.99
636,215.28
637,259.74
638,231.66
639,256.35
640,249.15
641,242.67
642,219.21
643,232.74
644,268.38
645,227.13
646,256.02
647,277.26
648,223.26
649,237.51
650,214.17
651,228.24
652,221.79
653,220.77
654,223.5
655,209.01
656,271.2
657,216.87
658,217.2
659,220.92
660,224.04
661,217.86
662,207.27
663,215.73
664,203.61
665,209.91
666,214.89
667,199.62
668,214.44
669,218.61
670,205.47
671,210.9
672,206.67
673,201.48
674,205.44
675,202.8
676,195.78
677,198.21
678,195.42
679,196.83
680,198.51
681,245.7
682,207.69
683,270.27
684,220.26
685,215.46
686,214.53
687,221.16
688,218.88
689,231.96
690,219.87
691,222.27
692,225.12
693,218.16
694,212.7
695,209.25
696,206.25
697,208.29
698,210.48
699,199.29
700,200.55
701,206.19
702,201.99
703,200.7
704,203.01
705,200.67
706,204.0
707,209.49
708,201.99
709,200.85
710,200.31
711,201.15
712,198.18
713,197.4
714,194.19
715,199.89
716,196.86
717,202.92
718,302.79
719,274.08
720,268.11
721,238.83
722,233.91
723,214.35
724,227.52
725,238.5
726,345.81
727,289.77
728,214.44
729,241.65
730,219.75
731,219.42
732,216.51
733,231.81
734,224.88
735,210.54
736,215.88
737,224.04
738,227.25
739,223.71
740,213.45
741,211.17
742,216.81
743,216.42
1296,329.04
1297,305.4
1298,313.02
1299,344.46
1300,341.1
1301,350.43
1302,332.28
1303,321.51
1304,265.29
1305,270.27
1306,241.14
1307,214.56
1308,225.39
1309,212.4
1310,231.87
1311,206.67
1312,218.94
1313,217.86
1314,261.75
1315,224.46
1316,410.61
1317,517.08
1318,428.85
1319,455.73
1320,379.41
1321,417.12
1322,488.13
1323,442.29
1324,385.02
1325,427.56
1326,495.21
1327,483.33
1328,508.86
1329,417.69
1330,398.43
1331,407.46
1332,394.35
1333,289.14
1334,274.77
1335,319.02
1336,249.63
1337,337.65
1338,267.45
1339,305.25
1340,267.66
1341,271.77
1342,267.21
1343,273.66
1344,267.81
1345,259.2
1346,275.37
1347,269.67
1348,429.87
1349,466.56
1350,390.15
1351,412.47
1352,410.85
1353,453.78
1354,440.31
1355,393.21
1356,394.65
1357,529.5
1358,477.0
1359,648.39
1360,610.11
1361,470.88
1362,443.31
1363,474.3
1364,485.49
1365,629.73
1366,504.93
1367,557.55
1368,545.01
1369,426.18
1370,453.96
1371,395.28
1372,416.64
1373,406.47
1374,354.42
1375,367.23
1376,413.79
1377,390.27
1378,437.31
1379,437.25
1380,333.84
1381,299.01
1382,308.7
1383,277.8
1384,296.67
1385,287.88
1386,279.42
1387,316.26
1388,315.45
1389,300.48
1390,359.25
1391,417.39
1392,372.9
1393,499.2
1394,355.35
1395,331.23
1396,315.03
1397,373.71
1398,313.71
1399,276.21
1400,308.73
1401,257.7
1402,263.55
1403,219.42
1404,257.61
1405,242.58
1406,207.42
1407,215.94
1408,213.6
1409,213.63
1410,213.36
1411,218.37
1412,204.42
1413,208.23
1414,214.71
1415,216.33
1416,210.12
1417,269.76
1418,399.72
1419,317.25
1420,338.13
1421,254.82
1422,230.94
1423,226.32
1424,234.78
1425,228.75
1426,219.78
1427,232.53
1428,216.09
1429,210.6
1430,207.66
1431,216.24
1432,209.91
1433,206.28
1434,202.89
1435,199.47
1436,214.29
1437,198.33
1438,221.67
1439,222.9
1440,213.27
1441,201.03
1442,200.16
1443,282.39
1444,269.22
1445,291.93
1446,297.06
1447,339.51
1448,295.83
1449,240.66
1450,252.0
1451,229.38
1452,229.29
1453,243.72
1454,232.08
1455,225.9
1456,222.15
1457,227.97
1458,212.01
1459,265.05
1460,220.74
1461,240.33
1462,217.53
1463,213.99
1464,213.81
1465,219.69
1466,208.05
1467,213.27
1468,205.74
1469,223.02
1470,223.11
1471,205.74
1472,205.89
1473,205.71
1474,205.92
1475,200.76
1476,199.83
1477,201.21
1478,201.15
1479,204.84
1480,206.52
1481,195.51
1482,210.39
1483,205.2
1484,226.14
1485,216.51
1486,270.48
1487,314.19
2040,225.63
2041,207.45
2042,200.67
2043,210.78
2044,221.43
2045,203.88
2046,199.5
2047,218.1
2048,205.08
2049,206.7
2050,214.71
2051,205.68
2052,230.37
2053,231.78
2054,263.76
2055,263.67
2056,224.43
2057,249.03
2058,258.66
2059,254.13
2060,224.79
2061,255.45
2062,340.47
2063,407.73
2064,223.05
2065,237.81
2066,270.51
2067,294.45
2068,231.0
2069,280.62
2070,234.72
2071,253.35
2072,258.9
2073,245.88
2074,215.25
2075,244.35
2076,274.89
2077,251.19
2078,267.48
2079,256.44
2080,256.71
2081,235.11
2082,272.64
2083,248.07
2084,294.27
2085,322.02
2086,279.93
2087,292.44
2088,294.21
2089,320.4
2090,364.53
2091,304.23
2092,363.09
2093,340.53
2094,302.19
2095,326.73
2096,290.01
2097,336.0
2098,309.33
2099,314.04
2100,263.64
2101,226.71
2102,275.79
2103,245.31
2104,267.27
2105,236.07
2106,274.02
2107,252.54
2108,243.93
2109,253.8
2110,275.4
2111,282.96
2112,306.21
2113,263.52
2114,335.49
2115,324.27
2116,313.26
2117,274.74
2118,269.43
2119,331.29
2120,290.37
2121,355.17
2122,322.59
2123,263.67
2124,240.33
2125,262.89
2126,248.64
2127,248.52
2128,250.47
2129,260.73
2130,285.18
2131,259.59
2132,276.06
2133,238.53
2134,232.62
2135,351.09
2136,269.16
2137,330.06
2138,259.89
2139,329.19
2140,286.56
2141,369.3
2142,313.44
2143,480.51
2144,336.12
2145,294.36
2146,313.62
2147,256.41
2148,319.62
2149,312.0
2150,277.05
2151,234.15
2152,266.4
2153,258.9
2154,256.32
2155,259.35
2156,264.33
2157,251.04
2158,293.58
2159,234.18
2160,317.52
2161,284.22
2162,275.37
2163,276.75
2164,240.66
2165,240.51
2166,252.87
2167,213.78
2168,242.46
2169,222.6
2170,222.45
2171,242.67
2172,245.61
2173,211.38
2174,203.46
2175,269.49
2176,281.22
2177,285.12
2178,324.75
2179,387.39
2180,409.89
2181,398.91
2182,406.47
2183,340.68
2184,382.95
2185,384.06
2186,367.2
2187,438.0
2188,399.12
2189,343.11
2190,327.0
2191,328.59
2192,302.19
2193,255.42
2194,329.25
2195,300.24
2196,262.41
2197,256.71
2198,274.59
2199,270.27
2200,320.13
2201,255.54
2202,246.0
2203,309.99
2204,364.65
2205,311.34
2206,289.44
2207,292.2
2760,346.02
2761,344.67
2762,319.92
2763,298.14
2764,331.26
2765,296.43
2766,301.23
2767,345.48
2768,297.15
2769,360.18
2770,376.14
2771,305.04
2772,263.91
2773,297.09
2774,342.87
2775,462.54
2776,353.7
2777,364.08
2778,336.93
2779,308.1
2780,314.94
2781,461.73
2782,502.95
2783,318.66
2784,329.64
2785,430.2
2786,349.2
2787,423.3
2788,383.34
2789,350.73
2790,348.69
2791,307.59
2792,325.71
2793,276.54
2794,261.3
2795,267.15
2796,279.54
2797,243.12
2798,261.09
2799,248.4
2800,333.54
2801,287.28
2802,307.89
2803,280.62
2804,312.48
2805,297.81
2806,293.01
2807,295.8
2808,323.04
2809,328.77
2810,314.1
2811,300.3
2812,330.57
2813,325.14
2814,325.77
2815,308.07
2816,280.71
2817,316.56
2818,288.57
2819,272.67
2820,302.79
2821,255.6
2822,314.82
2823,307.14
2824,293.25
2825,318.36
2826,314.4
2827,331.32
2828,358.11
2829,265.08
2830,300.24
2831,306.51
2832,288.09
2833,299.31
2834,332.28
2835,300.39
2836,296.64
2837,305.85
2838,278.28
2839,331.68
2840,327.3
2841,322.89
2842,376.89
2843,307.5
2844,348.39
2845,339.39
2846,365.34
2847,322.08
2848,377.1
2849,344.76
2850,255.6
2851,299.25
2852,295.77
2853,279.66
2854,488.28
2855,349.02
2856,325.62
2857,390.96
2858,462.51
2859,353.7
2860,306.66
2861,288.54
2862,317.34
2863,303.48
2864,330.03
2865,351.51
2866,335.55
2867,294.99
2868,305.28
2869,284.88
2870,268.47
2871,240.63
2872,227.82
2873,238.5
2874,243.0
2875,234.75
2876,221.67
2877,215.49
2878,191.34
2879,224.7
2880,235.44
2881,228.99
2882,229.11
2883,219.72
2884,224.64
2885,221.34
2886,215.31
2887,217.32
2888,218.55
2889,214.47
2890,214.92
2891,215.85
2892,224.94
2893,217.23
2894,218.1
2895,222.66
2896,215.7
2897,216.6
2898,232.83
2899,236.94
2900,281.49
2901,345.42
2902,237.36
2903,253.44
2904,288.63
2905,274.77
2906,252.18
2907,260.31
2908,285.54
2909,285.78
2910,272.97
2911,236.97
2912,272.79
2913,246.72
2914,248.31
2915,242.19
2916,229.2
2917,216.69
2918,219.87
2919,222.69
2920,236.37
2921,237.33
2922,246.09
2923,241.83
2924,243.69
2925,232.05
2926,232.89
2927,233.37
2928,233.25
2929,261.93
2930,271.44
2931,262.59
2932,252.0
2933,256.53
2934,244.56
2935,266.97
2936,264.06
2937,247.86
2938,274.83
2939,241.38
2940,264.03
2941,234.27
2942,231.42
2943,224.28
2944,220.38
2945,258.99
2946,301.77
2947,278.85
2948,281.4
2949,269.28
2950,285.48
2951,303.51
3504,381.27
3505,344.37
3506,290.43
3507,361.89
3508,388.29
3509,298.47
3510,292.59
3511,292.23
3512,335.58
3513,317.1
3514,311.82
3515,317.7
3516,315.39
3517,312.84
3518,345.27
3519,290.49
3520,274.14
3521,293.22
3522,254.16
3523,276.42
3524,301.44
3525,277.89
3526,271.98
3527,266.04
3528,290.79
3529,283.62
3530,296.37
3531,303.48
3532,332.1
3533,331.8
3534,343.05
3535,317.52
3536,290.31
3537,313.17
3538,306.57
3539,274.83
3540,246.54
3541,238.29
3542,278.07
3543,246.66
3544,259.47
3545,255.72
3546,289.41
3547,269.01
3548,258.51
3549,270.9
3550,280.41
3551,274.8
3552,309.93
3553,339.21
3554,336.9
3555,278.64
3556,249.06
3557,292.23
3558,273.21
3559,301.53
3560,274.2
3561,309.78
3562,327.81
3563,360.84
3564,274.32
3565,313.71
3566,302.85
3567,344.13
3568,301.77
3569,289.14
3570,259.92
3571,272.13
3572,289.68
3573,289.23
3574,275.01
3575,280.56
3576,273.06
3577,273.69
3578,264.45
3579,274.8
3580,281.88
3581,279.3
3582,240.09
3583,277.05
3584,281.13
3585,270.9
3586,249.3
3587,231.72
3588,231.06
3589,239.97
3590,255.96
3591,237.66
3592,223.11
3593,261.66
3594,275.28
3595,248.88
3596,287.82
3597,306.69
3598,270.51
3599,282.24
3600,264.33
3601,269.16
3602,297.6
3603,282.15
3604,238.71
3605,240.24
3606,255.93
3607,261.3
3608,248.1
3609,250.05
3610,294.39
3611,293.7
3612,286.05
3613,301.98
3614,312.99
3615,299.28
3616,270.63
3617,314.34
3618,286.47
3619,278.52
3620,271.53
3621,247.62
3622,259.23
3623,259.11
3624,276.75
3625,262.77
3626,244.05
3627,260.58
3628,243.15
3629,280.23
3630,292.08
3631,243.6
3632,293.13
3633,243.78
3634,295.95
3635,266.85
3636,224.97
3637,234.93
3638,222.48
3639,231.9
3640,242.7
3641,242.52
3642,248.58
3643,247.29
3644,224.94
3645,258.93
3646,256.59
3647,242.46
3648,278.13
3649,259.29
3650,272.64
3651,292.38
3652,291.06
3653,281.07
3654,269.31
3655,334.92
3656,307.38
3657,268.71
3658,311.58
3659,218.01
3660,216.36
3661,205.23
3662,223.08
3663,222.09
3664,222.84
3665,246.48
3666,248.46
3667,239.85
3668,239.07
3669,258.36
3670,232.08
3671,243.09
4224,255.27
4225,287.34
4226,267.9
4227,299.94
4228,274.62
4229,277.17
4230,282.99
4231,232.29
4232,230.04
4233,242.1
4234,221.85
4235,309.18
4236,255.12
4237,281.28
4238,267.69
4239,247.89
4240,268.83
4241,231.96
4242,235.17
4243,240.54
4244,239.76
4245,283.62
4246,271.86
4247,261.3
4248,296.37
4249,246.66
4250,273.69
4251,266.64
4252,312.33
4253,275.4
4254,272.58
4255,332.7
4256,327.21
4257,306.36
4258,225.66
4259,232.02
4260,245.16
4261,225.54
4262,246.75
4263,236.16
4264,256.44
4265,264.33
4266,290.58
4267,268.56
4268,268.83
4269,282.96
4270,333.45
4271,331.89
4272,331.11
4273,325.23
4274,361.95
4275,319.17
4276,336.24
4277,283.14
4278,295.05
4279,306.6
4280,348.93
4281,303.39
4282,314.49
4283,316.98
4284,316.11
4285,300.06
4286,250.86
4287,309.93
4288,250.14
4289,248.25
4290,316.05
4291,263.19
4292,266.16
4293,307.89
4294,316.38
4295,322.44
4296,282.15
4297,272.1
4298,303.36
4299,299.97
4300,290.7
4301,273.66
4302,273.75
4303,295.29
4304,275.52
4305,356.4
4306,310.2
4307,335.67
4308,293.01
4309,303.9
4310,351.63
4311,309.96
4312,309.39
4313,316.23
4314,299.85
4315,319.59
4316,313.65
4317,295.2
4318,294.27
4319,280.23
4320,290.52
4321,324.39
4322,277.8
4323,281.67
4324,330.57
4325,296.67
4326,293.04
4327,296.25
4328,321.93
4329,318.84
4330,320.61
4331,331.05
4332,312.96
4333,316.5
4334,304.17
4335,338.31
4336,346.08
4337,351.33
4338,323.52
4339,291.03
4340,312.93
4341,318.09
4342,335.07
4343,304.26
4344,365.25
4345,313.08
4346,432.0
4347,377.97
4348,292.68
4349,302.82
4350,306.75
4351,347.55
4352,291.24
4353,312.75
4354,316.02
4355,347.88
4356,361.05
4357,389.58
4358,375.45
4359,337.14
4360,338.79
4361,343.5
4362,360.81
4363,346.05
4364,411.72
4365,399.84
4366,342.12
4367,329.49
4368,326.88
4369,380.19
4370,337.8
4371,383.55
4372,319.08
4373,320.88
4374,471.36
4375,365.55
4376,339.75
4377,383.94
4378,340.68
4379,386.55
4380,377.37
4381,395.94
4382,340.71
4383,376.65
4384,391.23
4385,399.75
4386,417.84
4387,359.52
4388,358.05
4389,369.84
4390,363.72
4391,350.79
4392,320.64
4393,263.73
4394,381.39
4395,338.25
4396,333.42
4397,297.66
4398,290.85
4399,311.07
4400,306.51
4401,307.98
4402,245.97
4403,233.19
4404,227.28
4405,255.12
4406,280.11
4407,220.17
4408,222.6
4409,263.28
4410,221.55
4411,258.75
4412,242.01
4413,233.1
4414,253.86
4415,305.31
4968,309.18
4969,283.17
4970,282.48
4971,283.86
4972,323.43
4973,258.66
4974,291.69
4975,320.25
4976,302.34
4977,304.68
4978,291.51
4979,312.45
4980,292.62
4981,302.88
4982,296.76
4983,300.87
4984,339.99
4985,306.03
4986,305.97
4987,303.99
4988,283.08
4989,283.14
4990,316.14
4991,320.07
4992,300.03
4993,299.7
4994,302.16
4995,318.84
4996,294.54
4997,307.95
4998,301.05
4999,329.13
5000,337.05
5001,305.7
5002,295.95
5003,323.79
5004,324.27
5005,375.72
5006,465.3
5007,308.16
5008,316.17
5009,328.98
5010,317.34
5011,411.57
5012,310.62
5013,372.54
5014,404.07
5015,326.91
5016,419.07
5017,388.17
5018,360.96
5019,362.91
5020,352.68
5021,504.24
5022,364.86
5023,352.89
5024,333.36
5025,295.86
5026,280.77
5027,360.84
5028,310.74
5029,317.04
5030,380.1
5031,379.11
5032,369.24
5033,297.39
5034,308.85
5035,318.12
5036,305.55
5037,281.25
5038,302.04
5039,279.54
5040,332.31
5041,330.45
5042,302.82
5043,300.54
5044,290.79
5045,290.19
5046,303.96
5047,274.29
5048,311.7
5049,319.77
5050,318.99
5051,315.78
5052,343.32
5053,317.55
5054,304.08
5055,361.29
5056,305.34
5057,293.55
5058,325.17
5059,302.94
5060,332.94
5061,312.39
5062,326.13
5063,339.36
5064,297.81
5065,312.39
5066,326.67
5067,335.61
5068,292.26
5069,290.19
5070,303.06
5071,291.48
5072,304.47
5073,310.59
5074,313.02
5075,335.34
5076,292.2
5077,290.7
5078,308.79
5079,281.19
5080,283.38
5081,290.22
5082,322.29
5083,304.35
5084,322.74
5085,292.62
5086,385.74
5087,279.84
5088,339.51
5089,325.11
5090,323.28
5091,294.81
5092,337.11
5093,290.22
5094,344.04
5095,298.65
5096,276.21
5097,329.58
5098,461.04
5099,303.3
5100,441.81
5101,370.98
5102,284.07
5103,363.0
5104,413.82
5105,298.65
5106,288.72
5107,294.99
5108,352.65
5109,357.99
5110,494.55
5111,471.3
5112,303.0
5113,431.31
5114,327.33
5115,299.67
5116,325.83
5117,310.17
5118,305.4
5119,299.04
5120,308.85
5121,290.55
5122,267.33
5123,264.03
5124,253.56
5125,295.26
5126,304.23
5127,309.03
5128,249.75
5129,280.38
5130,301.14
5131,310.38
5132,330.36
5133,274.92
5134,299.07
5135,314.37
5136,316.62
5137,320.22
5138,337.35
5139,321.87
5140,294.09
5141,299.97
5142,327.0
5143,326.64
5144,313.62
5145,301.2
5146,336.93
5147,319.5
5148,289.74
5149,279.57
5150,257.61
5151,344.73
5152,275.52
5153,311.85
5154,293.94
5155,322.95
5156,265.5
5157,265.89
5158,263.76
5159,326.79
5712,294.18
5713,294.75
5714,280.89
5715,311.4
5716,306.66
5717,323.37
5718,318.21
5719,322.89
5720,315.3
5721,309.57
5722,314.46
5723,319.5
5724,313.2
5725,289.77
5726,297.6
5727,300.42
5728,273.27
5729,305.82
5730,300.96
5731,303.96
5732,320.67
5733,312.0
5734,300.18
5735,317.46
5736,282.66
5737,288.51
5738,300.78
5739,300.96
5740,296.64
5741,286.02
5742,322.83
5743,315.0
5744,310.89
5745,315.54
5746,323.16
5747,301.05
5748,283.11
5749,270.78
5750,313.65
5751,280.02
5752,266.94
5753,348.0
5754,276.36
5755,298.71
5756,328.38
5757,314.1
5758,313.2
5759,304.86
5760,289.32
5761,306.42
5762,319.92
5763,284.22
5764,280.53
5765,263.16
5766,313.89
5767,307.92
5768,296.19
5769,341.16
5770,301.86
5771,314.58
5772,336.66
5773,298.68
5774,301.11
5775,322.74
5776,287.46
5777,311.28
5778,264.3
5779,261.9
5780,267.0
5781,321.69
5782,292.95
5783,278.94
5784,299.55
5785,285.12
5786,272.91
5787,274.02
5788,262.32
5789,292.77
5790,304.92
5791,332.58
5792,303.0
5793,296.25
5794,297.18
5795,320.49
5796,319.71
5797,285.96
5798,344.64
5799,321.33
5800,293.01
5801,312.75
5802,301.53
5803,294.12
5804,301.8
5805,274.5
5806,266.88
5807,300.75
5808,274.89
5809,254.7
5810,301.08
5811,298.86
5812,307.95
5813,289.56
5814,306.66
5815,292.14
5816,289.53
5817,325.32
5818,300.39
5819,313.08
5820,327.96
5821,313.65
5822,325.05
5823,332.55
5824,314.64
5825,305.55
5826,301.86
5827,276.96
5828,258.18
5829,292.26
5830,299.37
5831,291.33
6384,326.43
6385,487.2
6386,465.39
6387,448.08
6388,394.38
6389,305.7
6390,287.4
6391,309.42
6392,355.47
6393,391.83
6394,347.52
6395,345.87
6396,293.85
6397,310.95
6398,325.05
6399,292.92
6400,309.48
6401,276.96
6402,295.56
6403,288.99
6404,433.53
6405,316.62
6406,296.52
6407,499.29
6408,278.61
6409,344.73
6410,351.75
6411,525.72
6412,516.57
6413,452.64
6414,525.09
6415,427.23
6416,371.22
6417,441.87
6418,320.73
6419,317.67
6420,316.08
6421,337.23
6422,358.11
6423,303.39
6424,334.05
6425,324.9
6426,306.21
6427,450.51
6428,285.87
6429,467.16
6430,393.51
6431,405.93
6432,329.4
6433,361.74
6434,351.18
6435,298.17
6436,300.48
6437,355.53
6438,296.64
6439,336.06
6440,353.58
6441,314.19
6442,321.21
6443,354.93
6444,266.91
6445,342.12
6446,333.54
6447,296.34
6448,286.05
6449,326.76
6450,300.96
6451,326.28
6452,278.88
6453,317.43
6454,296.19
6455,300.78
6456,309.42
6457,296.43
6458,304.17
6459,339.0
6460,296.88
6461,387.54
6462,376.56
6463,389.55
6464,318.54
6465,319.86
6466,300.0
6467,308.73
6468,326.4
6469,315.24
6470,278.79
6471,334.62
6472,286.35
6473,308.85
6474,270.9
6475,263.28
6476,256.29
6477,287.73
6478,284.37
6479,308.31
6480,336.03
6481,311.55
6482,280.53
6483,397.59
6484,368.52
6485,293.67
6486,352.47
6487,320.58
6488,384.51
6489,381.6
6490,287.4
6491,321.48
6492,321.03
6493,317.58
6494,313.26
6495,351.48
6496,304.47
6497,309.78
6498,373.38
6499,326.25
6500,318.69
6501,425.16
6502,345.96
6503,296.49
6504,294.63
6505,342.03
6506,300.39
6507,313.5
6508,273.99
6509,268.35
6510,283.17
6511,257.67
6512,249.39
6513,258.78
6514,210.33
6515,208.74
6516,209.67
6517,207.39
6518,208.2
6519,203.91
6520,210.72
6521,209.1
6522,215.01
6523,210.36
6524,209.13
6525,207.24
6526,279.93
6527,271.62
6528,309.3
6529,300.12
6530,255.93
6531,248.22
6532,257.91
6533,266.43
6534,260.76
6535,248.46
6536,256.77
6537,237.15
6538,227.82
6539,287.79
6540,263.55
6541,244.44
6542,217.71
6543,265.32
6544,226.68
6545,303.93
6546,319.95
6547,308.19
6548,342.72
6549,384.0
6550,423.6
6551,375.09
6552,385.83
6553,301.56
6554,305.16
6555,354.12
6556,328.86
6557,326.52
6558,319.74
6559,364.89
6560,253.44
6561,256.02
6562,240.6
6563,237.72
6564,239.13
6565,245.49
6566,273.78
6567,231.3
6568,234.36
6569,276.0
6570,277.17
6571,250.83
6572,254.85
6573,280.86
6574,283.95
6575,312.3
7128,363.21
7129,241.83
7130,348.69
7131,355.98
7132,326.91
7133,370.26
7134,358.65
7135,265.35
7136,321.66
7137,304.44
7138,317.64
7139,323.52
7140,285.75
7141,264.42
7142,263.88
7143,271.95
7144,267.78
7145,303.24
7146,292.77
7147,284.85
7148,289.35
7149,304.92
7150,359.94
7151,377.34
7152,355.32
7153,368.49
7154,405.33
7155,374.67
7156,314.55
7157,336.84
7158,318.69
7159,385.26
7160,319.47
7161,407.85
7162,391.23
7163,416.7
7164,407.37
7165,457.74
7166,437.28
7167,294.78
7168,460.35
7169,433.11
7170,425.43
7171,355.74
7172,366.54
7173,332.4
7174,353.34
7175,436.56
7176,412.65
7177,383.16
7178,355.59
7179,328.41
7180,350.55
7181,385.74
7182,445.41
7183,333.93
7184,391.89
7185,369.18
7186,294.78
7187,337.62
7188,349.71
7189,356.43
7190,398.07
7191,350.01
7192,363.3
7193,348.15
7194,360.69
7195,349.17
7196,318.9
7197,322.2
7198,326.52
7199,459.12
7200,390.54
7201,384.75
7202,377.13
7203,316.08
7204,456.66
7205,295.35
7206,333.33
7207,376.2
7208,312.24
7209,277.74
7210,320.04
7211,285.63
7212,329.58
7213,301.44
7214,339.39
7215,280.11
7216,285.54
7217,327.48
7218,387.03
7219,446.19
7220,440.28
7221,427.8
7222,395.94
7223,445.98
7224,448.89
7225,394.26
7226,408.45
7227,367.5
7228,344.16
7229,395.52
7230,324.0
7231,351.78
7232,314.94
7233,359.88
7234,335.52
7235,449.82
7236,477.87
7237,473.82
7238,473.79
7239,455.76
7240,418.26
7241,406.65
7242,421.56
7243,400.68
7244,375.24
7245,372.75
7246,346.23
7247,434.64
7248,329.34
7249,345.09
7250,340.26
7251,440.22
7252,429.09
7253,349.2
7254,440.16
7255,409.17
7256,341.13
7257,422.73
7258,460.95
7259,404.07
7260,437.55
7261,324.45
7262,345.69
7263,453.12
7264,345.48
7265,330.48
7266,268.56
7267,325.53
7268,339.72
7269,331.38
7270,366.84
7271,330.27
7272,283.65
7273,356.43
7274,366.06
7275,363.12
7276,290.46
7277,385.23
7278,303.81
7279,351.99
7280,433.62
7281,441.36
7282,300.09
7283,413.49
7284,414.66
7285,430.14
7286,422.52
7287,445.8
7288,410.19
7289,431.19
7290,310.74
7291,316.53
7292,484.32
7293,446.55
7294,335.61
7295,338.4
7848,454.05
7849,408.45
7850,491.22
7851,483.75
7852,413.04
7853,384.48
7854,473.49
7855,443.19
7856,495.39
7857,486.21
7858,400.14
7859,383.67
7860,440.19
7861,373.56
7862,377.4
7863,430.47
7864,450.78
7865,484.92
7866,466.89
7867,452.97
7868,456.51
7869,444.09
7870,562.38
7871,596.13
7872,484.92
7873,465.24
7874,402.57
7875,398.76
7876,353.67
7877,390.06
7878,408.72
7879,377.01
7880,406.74
7881,471.3
7882,417.0
7883,445.35
7884,390.12
7885,454.44
7886,385.29
7887,423.48
7888,487.77
7889,447.63
7890,494.55
7891,505.32
7892,509.34
7893,503.94
7894,469.29
7895,568.92
7896,577.56
7897,514.29
7898,565.08
7899,471.45
7900,459.18
7901,465.06
7902,315.24
7903,379.77
7904,390.96
7905,374.07
7906,383.25
7907,341.55
7908,313.23
7909,315.0
7910,296.76
7911,292.53
7912,369.45
7913,464.28
7914,568.32
7915,546.63
7916,589.8
7917,386.37
7918,499.05
7919,582.33
7920,455.73
7921,428.4
7922,505.8
7923,395.37
7924,334.32
7925,397.35
7926,449.73
7927,391.2
7928,377.49
7929,320.25
7930,269.64
7931,364.83
7932,332.7
7933,367.29
7934,342.9
7935,474.69
7936,447.0
7937,462.06
7938,491.76
7939,534.27
7940,355.59
7941,359.61
7942,390.21
7943,531.33
7944,337.23
7945,358.62
7946,335.19
7947,255.69
7948,296.1
7949,297.18
7950,283.26
7951,303.39
7952,269.82
7953,313.89
7954,378.9
7955,356.79
7956,326.19
7957,394.83
7958,361.98
7959,338.22
7960,290.13
7961,297.27
7962,284.55
7963,283.02
7964,330.6
7965,356.07
7966,335.13
7967,416.37
7968,385.08
7969,389.61
7970,423.03
7971,320.64
7972,354.48
7973,271.89
7974,277.41
7975,292.62
7976,297.15
7977,317.88
7978,346.71
7979,399.33
7980,262.44
7981,278.67
7982,274.62
7983,292.65
7984,245.82
7985,326.22
7986,352.95
7987,421.95
7988,360.57
7989,339.18
7990,547.62
7991,566.22
7992,450.96
7993,554.4
7994,522.6
7995,459.18
7996,462.84
7997,499.8
7998,432.27
7999,551.49
8000,257.85
8001,222.18
8002,291.6
8003,273.48
8004,237.93
8005,273.39
8006,233.85
8007,272.25
8008,245.97
8009,313.74
8010,363.48
8011,270.66
8012,280.14
8013,302.46
8014,580.08
8015,490.47
8016,402.3
8017,492.78
8018,491.43
8019,500.34
8020,527.01
8021,415.29
8022,566.88
8023,539.49
8024,542.61
8025,366.51
8026,405.0
8027,376.35
8028,398.61
8029,306.12
8030,335.82
8031,426.09
8032,464.1
8033,499.41
8034,511.08
8035,549.21
8036,479.13
8037,478.38
8038,495.09
8039,564.57
8592,399.39
8593,358.53
8594,337.17
8595,320.1
8596,306.39
8597,252.48
8598,326.07
8599,265.59
8600,407.55
8601,287.37
8602,226.92
8603,276.12
8604,332.13
8605,263.55
8606,290.82
8607,339.45
8608,324.33
8609,288.57
8610,350.85
8611,353.28
8612,332.25
8613,397.11
8614,400.59
8615,456.99
8616,310.05
8617,415.53
8618,432.18
8619,378.63
8620,405.21
8621,339.42
8622,349.17
8623,369.0
8624,437.13
8625,335.52
8626,312.18
8627,401.07
8628,288.03
8629,380.88
8630,348.3
8631,272.97
8632,352.38
8633,353.37
8634,302.58
8635,390.78
8636,437.7
8637,430.02
8638,399.78
8639,430.5
8640,372.3
8641,465.12
8642,392.13
8643,318.27
8644,392.61
8645,338.43
8646,430.92
8647,283.17
8648,347.97
8649,347.13
8650,387.42
8651,427.44
8652,375.0
8653,389.28
8654,351.69
8655,393.54
8656,429.45
8657,488.43
8658,538.47
8659,530.1
8660,386.1
8661,517.53
8662,518.88
8663,409.08
8664,475.71
8665,411.9
8666,337.29
8667,430.32
8668,376.98
8669,432.24
8670,248.37
8671,340.38
8672,350.28
8673,413.85
8674,318.78
8675,326.31
8676,287.76
8677,247.23
8678,235.02
8679,382.35
8680,300.99
8681,297.6
8682,488.67
8683,496.14
8684,503.49
8685,537.96
8686,507.72
8687,449.46
8688,508.86
8689,468.39
8690,550.86
8691,539.88
8692,439.17
8693,488.85
8694,346.05
8695,341.61
8696,233.88
8697,312.6
8698,402.72
8699,499.98
8700,303.78
8701,290.64
8702,374.1
8703,279.48
8704,333.84
8705,334.5
8706,345.9
8707,307.29
8708,372.48
8709,363.63
8710,303.27
8711,313.29
8712,327.75
8713,338.25
8714,534.36
8715,498.03
8716,595.38
8717,427.68
8718,385.44
8719,477.0
8720,380.22
8721,483.78
8722,486.27
8723,434.22
8724,493.89
8725,441.72
8726,456.42
8727,475.92
8728,520.23
8729,521.52
8730,563.19
8731,581.04
8732,554.64
8733,592.5
8734,623.52
8735,596.61
8736,451.02
8737,481.83
8738,306.36
8739,450.36
8740,424.41
8741,259.8
8742,390.48
8743,365.16
8744,323.91
8745,302.1
8746,282.51
8747,251.91
8748,272.58
8749,329.79
8750,324.81
8751,258.42
8752,347.82
8753,297.69
8754,375.66
8755,378.99
8756,538.2
8757,572.79
8758,497.07
8759,481.05
9312,305.37
9313,278.22
9314,227.43
9315,225.78
9316,223.38
9317,204.39
9318,202.68
9319,208.17
9320,206.37
9321,223.32
9322,211.35
9323,208.65
9324,194.31
9325,208.59
9326,210.15
9327,204.78
9328,204.6
9329,239.76
9330,227.58
9331,242.76
9332,250.74
9333,313.59
9334,269.01
9335,255.03
9336,430.23
9337,489.63
9338,393.57
9339,341.97
9340,345.96
9341,249.63
9342,277.05
9343,381.99
9344,314.13
9345,228.24
9346,282.36
9347,257.91
9348,258.78
9349,273.12
9350,250.26
9351,246.15
9352,237.24
9353,231.96
9354,295.53
9355,267.75
9356,257.85
9357,275.55
9358,329.82
9359,269.01
9360,309.63
9361,347.25
9362,360.75
9363,245.19
9364,252.3
9365,270.87
9366,312.33
9367,341.34
9368,231.42
9369,339.03
9370,328.44
9371,257.94
9372,254.91
9373,287.34
9374,258.72
9375,234.39
9376,246.15
9377,275.34
9378,289.71
9379,398.52
9380,395.13
9381,357.24
9382,270.27
9383,391.56
9384,368.58
9385,236.01
9386,227.73
9387,354.21
9388,233.76
9389,341.22
9390,338.46
9391,247.89
9392,232.68
9393,231.27
9394,243.39
9395,263.73
9396,232.53
9397,252.6
9398,267.27
9399,258.24
9400,254.49
9401,248.55
9402,298.53
9403,277.17
9404,295.62
9405,352.23
9406,392.61
9407,333.6
9408,547.8
9409,485.97
9410,384.15
9411,268.89
9412,280.26
9413,426.09
9414,309.03
9415,430.77
9416,309.57
9417,437.19
9418,326.61
9419,348.6
9420,337.05
9421,320.97
9422,391.5
9423,442.86
9424,403.08
9425,395.07
9426,468.9
9427,560.13
9428,421.74
9429,574.47
9430,930.27
9431,1007.94
9432,381.33
9433,257.79
9434,266.04
9435,259.23
9436,212.28
9437,221.19
9438,210.24
9439,217.68
9440,237.99
9441,245.52
9442,224.49
9443,225.39
9444,220.11
9445,260.82
9446,308.43
9447,235.71
9448,285.72
9449,289.83
9450,258.27
9451,287.01
9452,274.77
9453,384.87
9454,289.77
9455,288.39
9456,289.71
9457,339.45
9458,244.83
9459,349.74
9460,229.08
9461,213.45
9462,292.08
9463,347.4
9464,340.32
9465,390.57
9466,345.69
9467,363.09
9468,374.88
9469,363.27
9470,392.55
9471,361.29
9472,357.87
9473,350.85
9474,444.0
9475,443.58
9476,443.94
9477,423.03
9478,439.29
9479,446.91
9480,496.56
9481,467.46
9482,352.05
9483,416.61
9484,294.87
9485,447.78
9486,343.11
9487,397.59
9488,429.75
9489,323.82
9490,258.03
9491,214.14
9492,205.38
9493,215.7
9494,212.58
9495,205.83
9496,206.49
9497,202.11
9498,216.0
9499,234.3
9500,225.21
9501,237.09
9502,228.18
9503,210.42
10056,305.73
10057,285.9
10058,249.27
10059,274.08
10060,329.22
10061,314.7
10062,312.69
10063,316.95
10064,328.53
10065,427.2
10066,415.47
10067,450.24
10068,428.64
10069,484.29
10070,321.33
10071,271.2
10072,363.36
10073,374.91
10074,350.76
10075,366.39
10076,278.28
10077,376.5
10078,327.24
10079,253.23
10080,253.35
10081,275.01
10082,216.72
10083,237.51
10084,221.25
10085,231.24
10086,250.83
10087,214.74
10088,208.86
10089,209.97
10090,205.89
10091,210.66
10092,208.53
10093,211.2
10094,205.08
10095,210.3
10096,278.31
10097,281.85
10098,267.9
10099,274.83
10100,304.05
10101,372.84
10102,277.95
10103,244.98
10104,208.41
10105,324.09
10106,279.75
10107,281.16
10108,300.36
10109,275.97
10110,285.87
10111,241.05
10112,252.24
10113,242.37
10114,267.57
10115,262.08
10116,223.8
10117,281.55
10118,269.94
10119,238.95
10120,232.53
10121,235.23
10122,289.62
10123,268.05
10124,286.35
10125,302.97
10126,293.46
10127,284.46
10128,330.78
10129,278.07
10130,278.73
10131,334.2
10132,341.91
10133,414.24
10134,477.06
10135,295.53
10136,461.85
10137,439.41
10138,390.48
10139,367.08
10140,328.41
10141,464.43
10142,301.38
10143,280.53
10144,291.21
10145,327.33
10146,286.47
10147,272.49
10148,290.04
10149,323.25
10150,317.1
10151,469.71
10152,306.18
10153,561.48
10154,460.26
10155,373.23
10156,343.71
10157,465.96
10158,414.72
10159,348.51
10160,357.96
10161,334.89
10162,395.37
10163,379.65
10164,412.77
10165,367.14
10166,278.82
10167,311.67
10168,307.95
10169,297.33
10170,318.12
10171,283.32
10172,363.33
10173,301.62
10174,332.07
10175,271.71
10176,294.69
10177,276.09
10178,500.1
10179,480.96
10180,451.32
10181,470.01
10182,449.79
10183,446.04
10184,552.06
10185,357.15
10186,397.47
10187,465.96
10188,372.09
10189,387.0
10190,425.55
10191,474.21
10192,337.26
10193,409.83
10194,410.82
10195,480.24
10196,478.44
10197,430.47
10198,466.5
10199,518.67
10200,408.99
10201,559.56
10202,595.74
10203,503.58
10204,536.94
10205,382.47
10206,410.79
10207,420.09
10208,313.11
10209,368.31
10210,419.58
10211,497.01
10212,450.36
10213,453.15
10214,441.15
10215,430.92
10216,433.08
10217,444.06
10218,452.55
10219,427.35
10220,368.49
10221,548.82
10222,403.2
10223,427.47
10224,404.88
10225,391.26
10226,395.91
10227,418.35
10228,371.31
10229,387.87
10230,343.44
10231,367.32
10232,389.4
10233,370.83
10234,334.83
10235,349.14
10236,392.31
10237,475.02
10238,471.15
10239,466.89
10240,444.18
10241,444.48
10242,471.45
10243,403.83
10244,503.76
10245,563.61
10246,487.11
10247,519.36
10800,286.11
10801,358.59
10802,314.46
10803,354.99
10804,326.76
10805,337.71
10806,282.21
10807,279.96
10808,314.43
10809,352.95
10810,354.78
10811,303.42
10812,292.14
10813,277.14
10814,283.14
10815,281.22
10816,238.8
10817,286.92
10818,301.23
10819,267.0
10820,291.45
10821,344.73
10822,424.62
10823,308.67
10824,339.03
10825,381.3
10826,341.97
10827,346.02
10828,257.85
10829,311.55
10830,330.93
10831,300.87
10832,239.25
10833,267.39
10834,245.16
10835,253.65
10836,281.91
10837,250.5
10838,229.62
10839,214.26
10840,218.88
10841,250.5
10842,225.9
10843,228.12
10844,234.93
10845,254.19
10846,282.54
10847,333.63
10848,247.8
10849,249.12
10850,227.1
10851,235.92
10852,230.94
10853,274.17
10854,271.08
10855,297.96
10856,284.52
10857,269.46
10858,272.76
10859,237.78
10860,249.24
10861,263.58
10862,285.96
10863,272.64
10864,287.88
10865,278.01
10866,274.8
10867,243.81
10868,265.47
10869,266.13
10870,275.1
10871,308.16
10872,289.23
10873,261.39
10874,268.29
10875,271.62
10876,275.07
10877,281.43
10878,326.13
10879,313.86
10880,325.5
10881,348.99
10882,302.73
10883,239.43
10884,298.2
10885,238.89
10886,238.56
10887,225.75
10888,232.23
10889,221.34
10890,257.91
10891,269.43
10892,246.63
10893,339.57
10894,233.64
10895,221.04
10896,269.64
10897,269.76
10898,235.74
10899,240.39
10900,258.3
10901,238.26
10902,234.63
10903,234.03
10904,226.26
10905,215.94
10906,240.96
10907,240.9
10908,248.28
10909,222.93
10910,241.74
10911,194.61
10912,212.7
10913,195.87
10914,200.46
10915,214.32
10916,212.19
10917,280.65
10918,266.7
10919,259.92
10920,241.59
10921,268.74
10922,229.5
10923,217.98
10924,247.95
10925,216.6
10926,211.11
10927,243.06
10928,240.81
10929,247.38
10930,229.41
10931,227.49
10932,224.64
10933,244.08
10934,231.84
10935,223.02
10936,217.29
10937,239.67
10938,224.19
10939,277.02
10940,256.35
10941,221.13
10942,228.99
10943,232.53
10944,342.78
10945,221.49
10946,271.74
10947,238.2
10948,270.21
10949,409.71
10950,321.06
10951,346.38
10952,373.29
10953,340.59
10954,320.28
10955,297.39
10956,322.41
10957,307.35
10958,273.75
10959,294.09
10960,287.49
10961,254.31
10962,258.21
10963,252.81
10964,230.28
10965,231.63
10966,224.01
10967,219.33
11520,306.27
11521,326.76
11522,292.08
11523,292.92
11524,267.12
11525,260.76
11526,258.57
11527,249.78
11528,226.23
11529,212.46
11530,229.92
11531,238.83
11532,228.66
11533,230.55
11534,241.23
11535,216.6
11536,225.81
11537,217.08
11538,231.15
11539,226.56
11540,219.42
11541,341.94
11542,488.85
11543,374.16
11544,310.23
11545,294.99
11546,403.11
11547,280.41
11548,419.94
11549,515.73
11550,388.98
11551,296.67
11552,305.97
11553,346.08
11554,387.69
11555,353.49
11556,348.45
11557,343.56
11558,305.13
11559,295.02
11560,282.6
11561,302.46
11562,288.48
11563,332.85
11564,254.01
11565,340.44
11566,308.04
11567,320.19
11568,293.4
11569,344.64
11570,316.11
11571,292.62
11572,328.32
11573,288.33
11574,290.22
11575,323.37
11576,272.73
11577,268.92
11578,266.88
11579,238.44
11580,240.9
11581,232.95
11582,254.97
11583,244.23
11584,257.52
11585,239.46
11586,261.96
11587,263.7
11588,261.39
11589,264.57
11590,268.26
11591,253.62
11592,238.65
11593,268.68
11594,265.14
11595,242.76
11596,238.38
11597,213.87
11598,266.82
11599,269.37
11600,280.8
11601,293.25
11602,297.69
11603,301.11
11604,267.27
11605,272.85
11606,312.6
11607,321.75
11608,309.12
11609,299.97
11610,299.49
11611,301.86
11612,291.99
11613,274.11
11614,284.55
11615,284.25
11616,271.95
11617,268.56
11618,258.15
11619,311.34
11620,290.52
11621,308.22
11622,300.09
11623,280.53
11624,258.84
11625,259.98
11626,262.47
11627,323.49
11628,275.61
11629,278.88
11630,329.4
11631,319.83
11632,289.38
11633,280.59
11634,277.17
11635,333.39
11636,280.74
11637,310.92
11638,333.15
11639,304.14
11640,312.54
11641,365.79
11642,307.26
11643,320.34
11644,309.15
11645,397.17
11646,398.46
11647,312.75
11648,296.7
11649,364.2
11650,426.63
11651,399.12
11652,442.8
11653,445.68
11654,393.78
11655,377.76
11656,338.61
11657,315.84
11658,347.76
11659,345.78
11660,432.51
11661,451.59
11662,331.47
11663,318.87
11664,289.41
11665,270.15
11666,305.43
11667,327.51
11668,320.79
11669,275.61
11670,268.8
11671,298.71
11672,351.36
11673,328.47
11674,353.43
11675,345.69
11676,327.9
11677,334.92
11678,293.58
11679,335.19
11680,307.26
11681,296.13
11682,295.68
11683,288.9
11684,264.99
11685,272.61
11686,276.93
11687,267.66
11688,268.2
11689,281.61
11690,321.99
11691,304.44
11692,306.72
11693,319.5
11694,341.25
11695,306.6
11696,246.21
11697,324.0
11698,310.98
11699,294.63
11700,227.52
11701,253.11
11702,245.91
11703,236.13
11704,254.88
11705,262.68
11706,266.34
11707,268.08
11708,263.31
11709,295.95
11710,300.3
11711,288.15
12264,324.15
12265,376.05
12266,434.4
12267,391.02
12268,303.54
12269,315.54
12270,405.24
12271,332.79
12272,318.12
12273,334.23
12274,280.98
12275,267.39
12276,262.44
12277,239.01
12278,232.5
12279,229.62
12280,238.59
12281,218.49
12282,224.61
12283,238.47
12284,231.57
12285,236.46
12286,250.2
12287,253.35
12288,262.83
12289,301.92
12290,280.44
12291,281.04
12292,251.31
12293,276.09
12294,269.82
12295,294.63
12296,327.12
12297,242.88
12298,281.64
12299,226.23
12300,256.05
12301,304.38
12302,251.46
12303,254.94
12304,294.87
12305,284.97
12306,291.0
12307,308.37
12308,303.36
12309,307.86
12310,308.67
12311,299.13
12312,288.66
12313,263.13
12314,288.51
12315,291.33
12316,309.87
12317,304.5
12318,292.92
12319,308.61
12320,287.61
12321,256.11
12322,268.44
12323,320.25
12324,259.56
12325,330.45
12326,289.35
12327,296.04
12328,292.86
12329,278.52
12330,267.21
12331,268.32
12332,293.52
12333,270.45
12334,245.97
12335,277.65
12336,298.74
12337,314.34
12338,260.85
12339,281.25
12340,242.1
12341,235.26
12342,262.98
12343,314.67
12344,232.26
12345,265.89
12346,290.22
12347,277.86
12348,280.98
12349,290.37
12350,280.65
12351,283.62
12352,300.9
12353,266.55
12354,255.9
12355,272.31
12356,287.76
12357,338.52
12358,277.29
12359,264.06
12360,265.86
12361,297.93
12362,308.49
12363,301.17
12364,281.19
12365,312.12
12366,293.4
12367,271.35
12368,257.19
12369,290.01
12370,252.81
12371,249.36
12372,239.58
12373,246.51
12374,224.61
12375,206.73
12376,208.2
12377,221.91
12378,212.79
12379,241.05
12380,276.06
12381,257.64
12382,277.83
12383,334.56
12384,285.27
12385,282.99
12386,304.08
12387,306.51
12388,324.51
12389,290.79
12390,323.22
12391,302.82
12392,310.56
12393,450.09
12394,301.35
12395,278.55
12396,253.11
12397,249.57
12398,271.11
12399,263.28
12400,282.84
12401,280.62
12402,289.26
12403,281.19
12404,480.42
12405,366.18
12406,321.6
12407,314.37
12408,322.35
12409,292.11
12410,292.68
12411,308.76
12412,316.26
12413,356.52
12414,313.32
12415,317.31
12416,302.04
12417,334.02
12418,340.8
12419,350.43
12420,298.98
12421,349.95
12422,309.24
12423,333.78
12424,298.77
12425,287.67
12426,274.29
12427,285.75
12428,290.1
12429,319.98
12430,325.62
12431,332.34
12984,275.52
12985,272.4
12986,284.76
12987,273.18
12988,274.98
12989,311.49
12990,318.99
12991,361.95
12992,330.9
12993,334.68
12994,310.59
12995,347.22
12996,350.13
12997,317.25
12998,313.77
12999,328.29
13000,324.51
13001,322.08
13002,324.33
13003,284.4
13004,298.92
13005,310.98
13006,332.07
13007,328.71
13008,308.79
13009,303.15
13010,317.67
13011,329.88
13012,287.58
13013,297.72
13014,330.78
13015,325.5
13016,311.64
13017,299.7
13018,330.12
13019,293.52
13020,333.54
13021,302.7
13022,292.44
13023,296.67
13024,276.21
13025,305.73
13026,295.68
13027,272.88
13028,314.4
13029,296.73
13030,311.16
13031,306.96
13032,280.74
13033,325.53
13034,312.24
13035,289.56
13036,295.47
13037,297.81
13038,265.71
13039,302.85
13040,318.57
13041,311.79
13042,249.3
13043,285.51
13044,298.38
13045,328.56
13046,269.16
13047,315.18
13048,332.88
13049,322.47
13050,279.81
13051,298.38
13052,299.61
13053,293.55
13054,284.67
13055,300.87
13056,282.03
13057,291.18
13058,298.53
13059,295.59
13060,311.61
13061,261.9
13062,273.12
13063,312.39
13064,324.75
13065,310.74
13066,292.65
13067,299.76
13068,275.88
13069,292.08
13070,317.94
13071,330.12
13072,305.19
13073,336.69
13074,303.6
13075,290.31
13076,312.45
13077,278.88
13078,324.3
13079,332.25
13080,324.84
13081,301.65
13082,303.15
13083,280.32
13084,295.74
13085,285.33
13086,275.19
13087,285.18
13088,313.89
13089,313.02
13090,332.46
13091,289.05
13092,298.14
13093,326.97
13094,322.05
13095,323.67
13096,329.31
13097,361.83
13098,364.86
13099,327.57
13100,262.08
13101,341.13
13102,309.18
13103,338.85
13104,321.75
13105,326.25
13106,338.4
13107,371.79
13108,270.9
13109,296.34
13110,305.16
13111,299.76
13112,312.18
13113,306.12
13114,342.18
13115,336.9
13116,316.44
13117,267.33
13118,272.94
13119,219.51
13120,249.51
13121,242.61
13122,258.3
13123,254.97
13124,274.05
13125,292.77
13126,322.74
13127,319.89
13128,363.75
13129,327.06
13130,359.28
13131,358.14
13132,321.75
13133,285.12
13134,280.14
13135,298.68
13136,314.67
13137,302.22
13138,351.45
13139,339.3
13140,357.63
13141,330.09
13142,321.12
13143,282.93
13144,314.55
13145,274.47
13146,312.06
13147,324.03
13148,337.2
13149,300.96
13150,361.02
13151,342.42
13152,327.03
13153,312.75
13154,277.47
13155,273.69
13156,243.3
13157,271.11
13158,289.35
13159,247.53
13160,314.25
13161,246.78
13162,244.38
13163,259.74
13164,229.44
13165,217.05
13166,218.94
13167,220.8
13168,226.32
13169,226.41
13170,241.17
13171,250.71
13172,267.51
13173,271.74
13174,255.12
13175,256.17
13728,328.2
13729,344.28
13730,338.49
13731,298.05
13732,346.38
13733,307.8
13734,345.63
13735,316.62
13736,291.12
13737,324.45
13738,332.13
13739,333.18
13740,373.38
13741,346.38
13742,326.73
13743,347.31
13744,322.98
13745,329.76
13746,319.32
13747,330.21
13748,329.76
13749,323.22
13750,271.41
13751,320.73
13752,378.87
13753,318.06
13754,412.83
13755,332.52
13756,375.27
13757,353.37
13758,312.45
13759,309.51
13760,351.78
13761,329.43
13762,322.65
13763,344.1
13764,316.62
13765,373.32
13766,370.05
13767,484.56
13768,349.68
13769,402.21
13770,400.86
13771,321.06
13772,329.28
13773,302.67
13774,435.42
13775,343.5
13776,351.36
13777,475.89
13778,368.22
13779,454.77
13780,319.29
13781,287.1
13782,329.37
13783,286.8
13784,321.78
13785,362.1
13786,323.58
13787,422.01
13788,374.76
13789,334.71
13790,357.96
13791,328.47
13792,333.48
13793,331.29
13794,335.73
13795,418.5
13796,362.31
13797,358.32
13798,444.42
13799,293.07
13800,328.47
13801,273.12
13802,290.91
13803,345.54
13804,307.32
13805,279.0
13806,292.89
13807,299.7
13808,313.14
13809,216.3
13810,343.8
13811,246.51
13812,280.35
13813,231.99
13814,264.87
13815,253.68
13816,281.97
13817,295.5
13818,294.81
13819,302.91
13820,307.23
13821,313.71
13822,302.34
13823,298.47
13824,290.19
13825,343.56
13826,264.0
13827,271.29
13828,301.5
13829,263.01
13830,300.21
13831,320.64
13832,272.85
13833,239.67
13834,280.71
13835,330.12
13836,321.81
13837,326.43
13838,310.47
13839,323.28
13840,332.91
13841,397.86
13842,324.54
13843,278.94
13844,290.7
13845,300.42
13846,273.75
13847,293.31
13848,328.47
13849,329.19
13850,287.25
13851,273.27
13852,277.77
13853,294.51
13854,271.5
13855,307.2
13856,302.19
13857,268.77
13858,320.19
13859,300.42
13860,295.89
13861,278.64
13862,310.62
13863,301.62
13864,280.08
13865,286.08
13866,264.18
13867,291.0
13868,306.24
13869,271.17
13870,243.09
13871,272.37
13872,260.94
13873,270.75
13874,274.17
13875,310.62
13876,338.7
13877,281.76
13878,306.78
13879,266.22
13880,257.67
13881,291.72
13882,249.69
13883,295.32
13884,269.4
13885,275.43
13886,282.54
13887,298.92
13888,305.88
13889,281.85
13890,284.28
13891,295.17
13892,280.74
13893,261.63
13894,263.04
13895,290.67
13896,318.99
13897,285.93
13898,291.99
13899,306.36
13900,262.86
13901,330.66
13902,297.69
13903,275.37
13904,321.72
13905,264.6
13906,295.47
13907,311.1
13908,298.35
13909,324.18
13910,293.88
13911,271.17
13912,311.22
13913,316.65
13914,302.97
13915,299.1
13916,296.13
13917,291.51
13918,276.84
13919,294.6
14472,307.2
14473,302.76
14474,318.72
14475,320.82
14476,263.52
14477,309.09
14478,299.67
14479,269.25
14480,311.19
14481,311.04
14482,349.77
14483,333.42
14484,307.26
14485,293.1
14486,292.26
14487,290.49
14488,297.36
14489,275.28
14490,300.99
14491,310.65
14492,323.46
14493,336.93
14494,315.0
14495,344.7
14496,310.47
14497,268.86
14498,274.5
14499,308.07
14500,314.4
14501,337.62
14502,297.78
14503,329.01
14504,321.66
14505,317.16
14506,312.9
14507,293.76
14508,314.07
14509,290.82
14510,314.13
14511,293.82
14512,302.58
14513,328.65
14514,293.04
14515,298.62
14516,295.59
14517,276.21
14518,264.96
14519,358.98
14520,285.96
14521,300.12
14522,298.53
14523,309.3
14524,324.45
14525,304.98
14526,300.12
14527,297.06
14528,324.39
14529,297.96
14530,330.78
14531,322.26
14532,279.93
14533,289.17
14534,287.88
14535,232.05
14536,249.03
14537,248.25
14538,294.75
14539,251.7
14540,336.63
14541,298.71
14542,308.64
14543,297.72
14544,313.26
14545,307.41
14546,306.72
14547,304.8
14548,274.47
14549,273.48
14550,300.48
14551,279.18
14552,264.93
14553,296.79
14554,277.89
14555,279.69
14556,233.97
14557,260.61
14558,239.28
14559,248.88
14560,338.64
14561,300.69
14562,305.31
14563,294.81
14564,267.27
14565,265.92
14566,270.39
14567,320.43
14568,311.46
14569,292.68
14570,297.66
14571,300.9
14572,316.65
14573,302.88
14574,327.48
14575,304.77
14576,307.38
14577,310.53
14578,301.83
14579,287.76
14580,307.2
14581,261.72
14582,294.93
14583,278.67
14584,274.2
14585,312.36
14586,276.33
14587,282.15
14588,329.25
14589,299.37
14590,274.68
14591,307.05
15144,386.64
15145,323.22
15146,289.35
15147,286.29
15148,391.74
15149,443.58
15150,325.11
15151,295.29
15152,284.31
15153,321.09
15154,309.51
15155,296.4
15156,298.11
15157,302.31
15158,281.55
15159,306.21
15160,281.64
15161,307.95
15162,294.99
15163,299.22
15164,340.35
15165,280.14
15166,355.65
15167,292.23
15168,334.35
15169,297.3
15170,314.22
15171,287.79
15172,327.0
15173,341.25
15174,312.48
15175,340.17
15176,301.68
15177,310.14
15178,291.0
15179,453.42
15180,333.9
15181,309.63
15182,331.17
15183,320.97
15184,335.79
15185,309.33
15186,276.9
15187,303.75
15188,298.83
15189,307.44
15190,285.6
15191,259.08
15192,289.32
15193,280.56
15194,297.18
15195,298.26
15196,286.53
15197,303.69
15198,279.15
15199,263.16
15200,294.78
15201,300.99
15202,327.93
15203,326.73
15204,321.0
15205,292.02
15206,305.16
15207,357.21
15208,286.62
15209,342.54
15210,317.94
15211,310.05
15212,295.71
15213,326.97
15214,313.5
15215,364.53
15216,326.52
15217,265.53
15218,324.09
15219,368.91
15220,298.35
15221,297.75
15222,281.46
15223,274.71
15224,275.46
15225,282.15
15226,321.69
15227,356.79
15228,314.4
15229,281.97
15230,346.68
15231,204.81
15232,261.93
15233,366.84
15234,368.43
15235,303.33
15236,373.14
15237,534.9
15238,364.41
15239,322.41
15240,300.24
15241,281.7
15242,308.91
15243,311.55
15244,402.87
15245,456.93
15246,338.91
15247,345.39
15248,318.9
15249,376.89
15250,351.18
15251,356.64
15252,316.41
15253,286.29
15254,257.22
15255,346.41
15256,438.96
15257,371.91
15258,283.11
15259,262.47
15260,299.37
15261,290.82
15262,279.9
15263,280.56
15264,335.76
15265,260.31
15266,281.22
15267,261.54
15268,248.13
15269,242.19
15270,229.89
15271,215.82
15272,224.31
15273,216.99
15274,231.36
15275,240.57
15276,217.65
15277,234.6
15278,233.01
15279,246.75
15280,232.86
15281,238.11
15282,225.18
15283,230.94
15284,243.69
15285,224.64
15286,215.76
15287,220.8
15288,228.3
15289,215.52
15290,267.06
15291,248.85
15292,299.91
15293,273.51
15294,296.34
15295,273.51
15296,274.41
15297,228.24
15298,253.92
15299,273.57
15300,253.08
15301,272.94
15302,283.08
15303,250.74
15304,261.78
15305,238.02
15306,248.1
15307,427.74
15308,390.99
15309,373.92
15310,333.27
15311,373.77
15312,360.15
15313,254.04
15314,275.19
15315,277.44
15316,263.22
15317,320.25
15318,334.71
15319,278.19
15320,284.4
15321,259.89
15322,227.7
15323,216.54
15324,227.22
15325,224.79
15326,223.83
15327,225.66
15328,222.6
15329,246.87
15330,284.13
15331,298.05
15332,273.78
15333,348.54
15334,437.64
15335,496.29
15888,377.04
15889,305.07
15890,372.03
15891,350.79
15892,371.1
15893,376.26
15894,344.4
15895,366.54
15896,321.27
15897,363.87
15898,344.13
15899,268.35
15900,275.52
15901,258.45
15902,271.53
15903,248.43
15904,253.83
15905,259.08
15906,292.5
15907,243.57
15908,398.49
15909,314.43
15910,348.27
15911,354.66
15912,356.16
15913,412.11
15914,328.11
15915,306.18
15916,333.27
15917,360.15
15918,348.27
15919,274.14
15920,343.41
15921,341.25
15922,293.13
15923,360.21
15924,309.78
15925,346.08
15926,282.93
15927,289.17
15928,271.71
15929,432.99
15930,349.2
15931,339.39
15932,435.48
15933,329.4
15934,373.65
15935,297.36
15936,437.49
15937,377.28
15938,304.65
15939,364.71
15940,395.25
15941,377.94
15942,356.13
15943,340.62
15944,327.57
15945,387.87
15946,359.28
15947,515.82
15948,469.05
15949,377.13
15950,468.63
15951,448.29
15952,437.52
15953,412.14
15954,456.93
15955,382.8
15956,433.11
15957,342.39
15958,352.74
15959,312.09
15960,331.98
15961,304.92
15962,454.71
15963,514.11
15964,451.98
15965,402.54
15966,317.37
15967,328.77
15968,474.9
15969,411.33
15970,408.93
15971,393.66
15972,307.8
15973,299.46
15974,260.91
15975,261.69
15976,259.38
15977,301.74
15978,274.38
15979,292.14
15980,225.93
15981,228.48
15982,215.79
15983,228.6
15984,260.49
15985,250.02
15986,233.67
15987,222.96
15988,257.67
15989,240.69
15990,273.63
15991,265.89
15992,234.6
15993,226.65
15994,274.5
15995,303.09
15996,283.59
15997,315.45
15998,266.67
15999,279.54
16000,303.63
16001,334.41
16002,281.52
16003,236.25
16004,307.41
16005,236.55
16006,264.93
16007,342.75
16008,267.96
16009,293.25
16010,283.92
16011,310.59
16012,293.19
16013,302.88
16014,234.33
16015,287.94
16016,307.35
16017,357.3
16018,331.05
16019,375.93
16020,347.85
16021,356.88
16022,280.32
16023,254.16
16024,308.7
16025,304.44
16026,294.78
16027,333.09
16028,335.76
16029,316.26
16030,241.11
16031,243.45
16032,198.42
16033,199.53
16034,210.96
16035,260.37
16036,305.1
16037,287.73
16038,343.68
16039,275.73
16040,401.85
16041,278.43
16042,261.63
16043,251.34
16044,235.5
16045,285.57
16046,274.92
16047,272.19
16048,309.06
16049,298.8
16050,277.35
16051,336.87
16052,348.06
16053,417.24
16054,244.68
16055,224.49
16608,215.01
16609,290.67
16610,267.45
16611,259.95
16612,355.95
16613,254.76
16614,327.93
16615,428.31
16616,258.18
16617,250.98
16618,239.67
16619,248.28
16620,280.53
16621,237.48
16622,236.1
16623,247.77
16624,247.35
16625,228.06
16626,257.82
16627,342.54
16628,376.17
16629,250.92
16630,240.75
16631,405.42
16632,612.51
16633,545.04
16634,423.75
16635,381.54
16636,473.34
16637,331.8
16638,374.13
16639,475.11
16640,427.08
16641,398.19
16642,381.12
16643,385.14
16644,317.13
16645,289.68
16646,318.81
16647,283.92
16648,441.96
16649,332.25
16650,427.95
16651,409.95
16652,520.59
16653,432.39
16654,427.08
16655,505.62
16656,570.78
16657,524.28
16658,396.48
16659,387.87
16660,444.18
16661,458.52
16662,342.27
16663,405.15
16664,399.33
16665,405.0
16666,402.21
16667,274.32
16668,230.13
16669,250.38
16670,218.52
16671,214.44
16672,206.43
16673,207.18
16674,213.54
16675,207.3
16676,301.47
16677,297.99
16678,247.02
16679,386.16
16680,272.85
16681,234.09
16682,240.0
16683,205.29
16684,198.51
16685,287.76
16686,231.36
16687,204.93
16688,213.48
16689,227.13
16690,202.56
16691,201.39
16692,242.22
16693,214.83
16694,213.96
16695,207.54
16696,199.71
16697,199.68
16698,251.55
16699,262.11
16700,262.17
16701,318.21
16702,338.97
16703,408.18
16704,346.95
16705,296.16
16706,439.8
16707,291.9
16708,306.36
16709,299.7
16710,405.96
16711,432.99
16712,444.18
16713,439.86
16714,365.04
16715,380.76
16716,395.76
16717,383.82
16718,462.6
16719,346.68
16720,484.47
16721,447.9
16722,499.14
16723,418.29
16724,448.29
16725,459.48
16726,218.91
16727,204.81
16728,202.47
16729,220.05
16730,223.02
16731,212.52
16732,195.78
16733,210.03
16734,202.83
16735,195.12
16736,199.95
16737,200.22
16738,205.29
16739,204.45
16740,202.02
16741,203.67
16742,205.35
16743,200.13
16744,196.8
16745,193.05
16746,202.44
16747,200.19
16748,317.25
16749,281.22
16750,495.9
16751,357.75
16752,408.99
16753,386.43
16754,404.7
16755,361.74
16756,385.47
16757,621.63
16758,345.09
16759,460.44
16760,487.74
16761,362.34
16762,327.9
16763,364.2
16764,284.25
16765,290.4
16766,225.81
16767,273.54
16768,262.98
16769,356.4
16770,390.93
16771,546.84
16772,526.71
16773,534.87
16774,602.1
16775,464.88
16776,382.68
16777,345.0
16778,267.36
16779,290.64
16780,236.97
16781,228.0
16782,215.55
16783,205.2
16784,218.01
16785,212.52
16786,203.64
16787,206.31
16788,207.78
16789,208.14
16790,206.37
16791,201.87
16792,201.63
16793,268.5
16794,234.21
16795,246.78
16796,275.22
16797,290.19
16798,266.19
16799,246.36
17352,496.32
17353,408.48
17354,478.17
17355,435.51
17356,418.68
17357,425.88
17358,295.59
17359,372.06
17360,310.53
17361,255.24
17362,286.83
17363,278.67
17364,254.16
17365,348.72
17366,305.04
17367,335.37
17368,286.98
17369,359.85
17370,283.5
17371,236.31
17372,263.34
17373,231.87
17374,264.63
17375,264.24
17376,215.61
17377,212.97
17378,208.23
17379,204.39
17380,209.19
17381,204.12
17382,246.63
17383,244.02
17384,243.33
17385,209.58
17386,212.19
17387,206.34
17388,204.33
17389,243.12
17390,230.4
17391,218.79
17392,235.08
17393,271.11
17394,242.97
17395,245.82
17396,311.28
17397,324.33
17398,322.35
17399,314.94
17400,389.52
17401,475.77
17402,394.11
17403,283.86
17404,390.09
17405,337.11
17406,320.31
17407,300.09
17408,285.45
17409,266.97
17410,289.14
17411,259.32
17412,294.06
17413,284.73
17414,248.91
17415,256.14
17416,288.96
17417,318.12
17418,360.3
17419,291.87
17420,306.39
17421,483.51
17422,424.17
17423,323.43
17424,535.68
17425,389.67
17426,360.75
17427,391.77
17428,311.4
17429,266.4
17430,249.99
17431,254.61
17432,231.21
17433,248.7
17434,257.82
17435,221.22
17436,267.6
17437,290.88
17438,324.39
17439,313.38
17440,446.04
17441,302.76
17442,315.15
17443,304.11
17444,342.48
17445,506.7
17446,364.14
17447,728.97
17448,457.08
17449,335.46
17450,479.01
17451,427.53
17452,487.17
17453,357.27
17454,355.77
17455,307.74
17456,265.95
17457,288.72
17458,278.55
17459,305.85
17460,298.77
17461,259.95
17462,287.67
17463,265.86
17464,273.96
17465,266.19
17466,317.13
17467,321.84
17468,300.81
17469,305.97
17470,312.21
17471,545.58
17472,472.44
17473,531.39
17474,360.33
17475,272.85
17476,274.74
17477,233.52
17478,214.26
17479,226.95
17480,228.75
17481,212.1
17482,206.16
17483,205.53
17484,202.62
17485,200.85
17486,208.83
17487,203.4
17488,203.73
17489,202.65
17490,201.51
17491,206.46
17492,300.06
17493,238.74
17494,233.28
17495,307.62
17496,214.17
17497,226.5
17498,215.13
17499,200.34
17500,205.14
17501,198.0
17502,211.83
17503,203.22
17504,230.97
17505,206.67
17506,209.49
17507,208.92
17508,205.95
17509,206.97
17510,204.93
17511,201.81
17512,207.03
17513,204.21
17514,205.23
17515,197.7
17516,202.56
17517,332.76
17518,310.77
17519,301.65
18072,544.53
18073,531.84
18074,483.81
18075,420.96
18076,481.59
18077,510.96
18078,512.88
18079,477.63
18080,491.82
18081,445.02
18082,465.51
18083,451.41
18084,526.02
18085,482.28
18086,498.81
18087,477.99
18088,527.55
18089,486.63
18090,614.58
18091,537.21
18092,537.39
18093,550.65
18094,599.37
18095,554.19
18096,271.56
18097,214.41
18098,201.15
18099,233.46
18100,268.38
18101,203.13
18102,265.68
18103,299.73
18104,273.18
18105,278.67
18106,231.48
18107,216.15
18108,219.63
18109,225.09
18110,206.4
18111,202.95
18112,210.84
18113,210.63
18114,206.67
18115,256.44
18116,263.1
18117,293.31
18118,285.39
18119,269.31
18120,309.72
18121,263.58
18122,278.58
18123,323.55
18124,347.46
18125,310.44
18126,298.29
18127,272.25
18128,274.11
18129,293.79
18130,302.91
18131,229.29
18132,250.2
18133,267.45
18134,298.35
18135,277.53
18136,367.8
18137,418.11
18138,363.78
18139,312.6
18140,376.89
18141,493.89
18142,767.28
18143,364.08
18144,348.27
18145,416.88
18146,360.81
18147,502.56
18148,546.21
18149,401.46
18150,335.61
18151,339.63
18152,389.4
18153,399.45
18154,357.51
18155,324.84
18156,358.32
18157,440.37
18158,397.65
18159,341.67
18160,331.53
18161,290.19
18162,427.02
18163,416.37
18164,389.88
18165,461.25
18166,477.12
18167,575.91
18168,451.59
18169,454.53
18170,425.28
18171,508.26
18172,309.78
18173,424.26
18174,395.55
18175,305.73
18176,389.73
18177,521.25
18178,367.59
18179,410.43
18180,470.85
18181,347.04
18182,391.98
18183,464.73
18184,440.28
18185,421.35
18186,362.61
18187,451.65
18188,381.81
18189,381.06
18190,416.73
18191,476.07
18192,468.81
18193,428.43
18194,451.65
18195,509.76
18196,646.29
18197,642.6
18198,455.16
18199,408.15
18200,352.68
18201,429.12
18202,387.51
18203,422.97
18204,451.14
18205,411.75
18206,468.57
18207,437.31
18208,455.1
18209,493.02
18210,428.58
18211,485.55
18212,461.46
18213,477.93
18214,456.81
18215,468.06
18216,447.6
18217,441.3
18218,466.17
18219,436.35
18220,540.93
18221,512.34
18222,437.67
18223,373.56
18224,426.21
18225,496.86
18226,395.52
18227,421.23
18228,389.13
18229,418.95
18230,404.52
18231,509.79
18232,415.74
18233,484.59
18234,515.31
18235,520.83
18236,494.58
18237,486.48
18238,428.94
18239,449.85
18240,381.21
18241,363.03
18242,379.71
18243,328.5
18244,349.74
18245,333.42
18246,411.15
18247,542.13
18248,533.82
18249,553.65
18250,454.35
18251,436.83
18252,443.13
18253,547.68
18254,491.01
18255,521.43
18256,522.54
18257,492.39
18258,434.07
18259,525.84
18260,502.71
18261,504.78
18262,491.13
18263,510.9
18816,625.26
18817,348.57
18818,347.04
18819,356.64
18820,365.01
18821,422.37
18822,273.3
18823,316.14
18824,299.82
18825,265.86
18826,274.98
18827,281.34
18828,235.89
18829,227.91
18830,267.12
18831,229.62
18832,230.67
18833,235.35
18834,296.49
18835,336.18
18836,322.53
18837,453.75
18838,413.79
18839,287.91
18840,410.58
18841,438.06
18842,335.73
18843,291.84
18844,410.1
18845,319.14
18846,356.46
18847,369.06
18848,398.79
18849,370.77
18850,364.86
18851,349.74
18852,348.0
18853,434.52
18854,472.62
18855,472.44
18856,408.69
18857,485.73
18858,393.72
18859,410.16
18860,471.72
18861,372.9
18862,427.38
18863,360.39
18864,362.64
18865,453.87
18866,375.6
18867,368.04
18868,302.94
18869,296.34
18870,332.28
18871,270.0
18872,307.02
18873,401.55
18874,393.39
18875,395.52
18876,377.85
18877,396.15
18878,406.35
18879,501.06
18880,460.38
18881,523.35
18882,570.69
18883,523.65
18884,393.45
18885,466.65
18886,529.77
18887,368.13
18888,316.68
18889,319.65
18890,325.32
18891,330.93
18892,327.03
18893,314.04
18894,322.53
18895,315.99
18896,294.66
18897,267.78
18898,249.45
18899,330.33
18900,263.97
18901,411.03
18902,410.97
18903,340.41
18904,352.53
18905,345.87
18906,322.02
18907,356.79
18908,358.59
18909,357.96
18910,348.33
18911,521.91
18912,485.79
18913,590.55
18914,550.29
18915,518.25
18916,563.64
18917,594.27
18918,497.64
18919,535.62
18920,469.89
18921,385.02
18922,283.89
18923,265.59
18924,216.03
18925,212.76
18926,209.49
18927,213.99
18928,210.36
18929,220.95
18930,216.24
18931,270.45
18932,372.48
18933,345.09
18934,478.32
18935,432.51
18936,381.81
18937,471.12
18938,437.31
18939,351.51
18940,408.3
18941,356.49
18942,341.16
18943,327.63
18944,414.9
18945,501.3
18946,489.96
18947,382.83
18948,228.63
18949,224.7
18950,227.22
18951,232.5
18952,215.43
18953,214.77
18954,208.38
18955,203.76
18956,212.91
18957,196.59
18958,198.45
18959,201.48
18960,214.41
18961,195.87
18962,196.59
18963,196.68
18964,200.67
18965,203.52
18966,200.61
18967,201.24
18968,219.03
18969,222.18
18970,226.92
18971,223.92
18972,232.05
18973,223.98
18974,234.42
18975,224.52
18976,223.68
18977,232.2
18978,253.59
18979,256.62
18980,242.01
18981,234.69
18982,222.06
18983,243.18
18984,222.18
18985,326.37
18986,278.34
18987,260.97
18988,307.35
18989,245.88
18990,258.96
18991,247.98
18992,267.99
18993,225.0
18994,232.41
18995,281.19
18996,282.21
18997,306.93
18998,277.8
18999,266.1
19000,290.82
19001,281.76
19002,277.68
19003,267.24
19004,289.2
19005,388.71
19006,336.39
19007,357.99
19560,337.8
19561,228.45
19562,325.71
19563,340.65
19564,403.08
19565,308.91
19566,339.45
19567,355.59
19568,344.55
19569,356.61
19570,352.71
19571,397.14
19572,329.49
19573,339.03
19574,323.67
19575,313.74
19576,307.29
19577,316.11
19578,302.88
19579,489.3
19580,463.8
19581,305.34
19582,341.49
19583,291.99
19584,300.63
19585,305.52
19586,288.36
19587,323.82
19588,342.27
19589,321.21
19590,331.32
19591,343.74
19592,360.78
19593,389.82
19594,391.74
19595,357.03
19596,342.48
19597,247.89
19598,272.34
19599,263.1
19600,277.35
19601,225.54
19602,223.08
19603,222.66
19604,236.76
19605,229.38
19606,221.43
19607,218.43
19608,218.73
19609,213.6
19610,205.38
19611,202.56
19612,201.54
19613,262.29
19614,239.25
19615,228.81
19616,228.96
19617,222.78
19618,215.28
19619,227.01
19620,221.16
19621,291.18
19622,255.27
19623,221.1
19624,237.27
19625,208.53
19626,223.56
19627,220.41
19628,341.55
19629,307.32
19630,318.33
19631,420.09
19632,345.21
19633,408.66
19634,433.38
19635,416.64
19636,332.37
19637,325.8
19638,331.83
19639,337.05
19640,308.52
19641,308.73
19642,280.98
19643,234.27
19644,222.39
19645,314.94
19646,322.29
19647,244.38
19648,252.36
19649,385.11
19650,484.26
19651,353.61
19652,386.55
19653,378.36
19654,378.93
19655,416.82
19656,421.92
19657,276.63
19658,320.58
19659,353.52
19660,333.54
19661,330.33
19662,351.54
19663,403.62
19664,367.56
19665,293.28
19666,358.05
19667,311.04
19668,302.76
19669,379.41
19670,318.87
19671,311.28
19672,325.92
19673,293.46
19674,282.51
19675,298.17
19676,301.59
19677,298.11
19678,270.54
19679,320.19
19680,321.36
19681,297.84
19682,284.97
19683,289.32
19684,289.59
19685,291.27
19686,266.4
19687,270.9
19688,307.14
19689,265.86
19690,275.25
19691,268.89
19692,233.4
19693,280.02
19694,259.53
19695,241.17
19696,273.96
19697,475.11
19698,354.69
19699,349.44
19700,369.03
19701,422.49
19702,371.97
19703,350.79
19704,403.83
19705,310.23
19706,293.64
19707,336.21
19708,293.37
19709,292.14
19710,355.38
19711,335.04
19712,344.67
19713,271.47
19714,337.71
19715,286.86
19716,290.4
19717,321.81
19718,284.22
19719,285.18
19720,269.67
19721,286.26
19722,273.96
19723,313.77
19724,240.96
19725,248.67
19726,214.59
19727,218.58
20280,310.14
20281,307.71
20282,255.66
20283,260.16
20284,251.94
20285,262.77
20286,205.77
20287,226.5
20288,228.93
20289,231.99
20290,244.83
20291,222.93
20292,219.57
20293,224.97
20294,248.76
20295,235.44
20296,224.46
20297,287.61
20298,279.42
20299,251.7
20300,229.02
20301,282.63
20302,309.99
20303,227.22
20304,271.71
20305,289.17
20306,242.73
20307,252.12
20308,243.39
20309,299.22
20310,265.26
20311,278.58
20312,279.09
20313,282.84
20314,289.59
20315,316.29
20316,265.74
20317,281.07
20318,255.93
20319,298.47
20320,273.3
20321,270.87
20322,294.42
20323,282.84
20324,299.04
20325,264.09
20326,265.05
20327,272.76
20328,246.78
20329,268.38
20330,264.72
20331,265.8
20332,270.24
20333,324.09
20334,315.51
20335,274.86
20336,274.83
20337,252.39
20338,247.05
20339,278.13
20340,239.28
20341,250.29
20342,247.26
20343,284.64
20344,265.86
20345,281.34
20346,268.08
20347,301.59
20348,264.45
20349,272.97
20350,245.88
20351,259.44
20352,284.55
20353,266.88
20354,291.24
20355,282.9
20356,282.18
20357,270.18
20358,309.84
20359,305.43
20360,302.16
20361,269.22
20362,414.93
20363,341.34
20364,353.91
20365,337.35
20366,389.13
20367,349.38
20368,373.47
20369,294.09
20370,314.97
20371,280.08
20372,274.59
20373,287.46
20374,252.03
20375,267.99
20376,249.33
20377,240.99
20378,239.91
20379,258.18
20380,263.37
20381,349.29
20382,323.4
20383,282.27
20384,272.46
20385,243.57
20386,249.18
20387,240.21
20388,250.89
20389,237.09
20390,255.39
20391,225.54
20392,225.87
20393,249.0
20394,228.21
20395,240.9
20396,236.58
20397,246.84
20398,255.63
20399,251.88
20400,234.33
20401,248.04
20402,205.68
20403,212.13
20404,266.19
20405,260.79
20406,245.61
20407,234.09
20408,227.13
20409,246.9
20410,258.69
20411,260.25
20412,259.65
20413,240.63
20414,249.0
20415,256.14
20416,254.16
20417,239.01
20418,226.77
20419,243.84
20420,257.94
20421,261.66
20422,236.58
20423,257.46
20424,282.15
20425,259.8
20426,279.33
20427,300.66
20428,324.15
20429,299.94
20430,291.72
20431,342.0
20432,312.69
20433,271.08
20434,274.05
20435,281.25
20436,241.38
20437,228.93
20438,243.21
20439,247.98
20440,246.9
20441,282.48
20442,254.7
20443,263.1
20444,283.95
20445,281.97
20446,308.31
20447,301.5
20448,294.21
20449,302.7
20450,261.45
20451,270.51
20452,283.65
20453,260.88
20454,283.26
20455,267.51
20456,287.85
20457,306.99
20458,304.56
20459,257.13
20460,294.06
20461,292.17
20462,292.95
20463,253.65
20464,250.77
20465,281.31
20466,285.15
20467,260.16
20468,288.9
20469,290.67
20470,247.5
20471,236.19
21024,322.62
21025,316.5
21026,292.41
21027,257.04
21028,281.4
21029,303.69
21030,292.38
21031,317.07
21032,273.9
21033,308.82
21034,326.55
21035,337.71
21036,315.66
21037,285.3
21038,301.35
21039,322.71
21040,312.87
21041,342.12
21042,335.85
21043,258.18
21044,310.59
21045,244.86
21046,240.3
21047,260.22
21048,332.31
21049,299.58
21050,292.83
21051,300.06
21052,303.24
21053,311.31
21054,313.2
21055,313.8
21056,297.81
21057,333.63
21058,309.66
21059,320.16
21060,319.8
21061,329.49
21062,398.13
21063,316.38
21064,317.46
21065,319.08
21066,305.37
21067,308.88
21068,291.09
21069,312.06
21070,331.95
21071,270.93
21072,282.84
21073,309.93
21074,313.38
21075,296.61
21076,255.09
21077,308.61
21078,310.8
21079,315.81
21080,316.62
21081,325.59
21082,314.91
21083,279.96
21084,336.33
21085,330.87
21086,332.22
21087,314.79
21088,339.78
21089,287.22
21090,283.32
21091,279.15
21092,275.76
21093,285.51
21094,283.77
21095,249.9
21096,251.52
21097,240.99
21098,240.99
21099,239.58
21100,216.57
21101,236.52
21102,252.0
21103,211.71
21104,209.19
21105,228.84
21106,212.52
21107,225.96
21108,221.22
21109,222.3
21110,231.57
21111,216.15
21112,242.22
21113,240.36
21114,231.57
21115,248.94
21116,295.8
21117,273.99
21118,260.28
21119,275.61
21120,268.83
21121,268.32
21122,304.62
21123,299.58
21124,309.06
21125,271.2
21126,324.81
21127,300.3
21128,301.56
21129,267.75
21130,263.16
21131,249.78
21132,246.09
21133,231.57
21134,230.88
21135,242.46
21136,257.04
21137,235.47
21138,231.42
21139,239.61
21140,250.83
21141,265.8
21142,265.23
21143,281.34
21144,261.0
21145,278.04
21146,265.17
21147,299.52
21148,303.21
21149,315.93
21150,295.5
21151,304.68
21152,277.08
21153,269.49
21154,272.7
21155,283.53
21156,298.08
21157,294.0
21158,253.41
21159,268.2
21160,251.67
21161,245.91
21162,256.53
21163,263.25
21164,251.28
21165,257.91
21166,255.99
21167,265.5
21168,306.72
21169,276.9
21170,289.65
21171,272.55
21172,265.98
21173,301.17
21174,328.62
21175,271.5
21176,270.54
21177,237.39
21178,261.9
21179,265.05
21180,262.29
21181,257.25
21182,254.37
21183,266.04
21184,256.95
21185,324.03
21186,250.98
21187,264.27
21188,296.16
21189,268.95
21190,259.98
21191,284.73
21744,266.04
21745,285.87
21746,293.16
21747,301.35
21748,306.39
21749,327.21
21750,294.6
21751,324.36
21752,335.13
21753,299.16
21754,302.46
21755,331.2
21756,331.32
21757,335.64
21758,347.67
21759,321.69
21760,299.37
21761,289.05
21762,288.93
21763,265.05
21764,289.74
21765,288.03
21766,282.36
21767,273.9
21768,288.6
21769,305.67
21770,289.98
21771,265.71
21772,328.05
21773,282.12
21774,308.73
21775,250.02
21776,248.43
21777,293.79
21778,357.39
21779,347.82
21780,337.05
21781,318.87
21782,319.29
21783,342.75
21784,286.08
21785,329.73
21786,349.5
21787,299.7
21788,311.19
21789,314.76
21790,376.77
21791,283.98
21792,299.25
21793,301.59
21794,233.88
21795,325.77
21796,315.75
21797,271.14
21798,291.24
21799,282.21
21800,251.1
21801,274.05
21802,250.86
21803,256.62
21804,214.68
21805,232.47
21806,217.05
21807,216.48
21808,221.46
21809,231.75
21810,228.3
21811,296.88
21812,256.62
21813,297.0
21814,277.89
21815,275.4
21816,359.61
21817,271.77
21818,368.67
21819,371.19
21820,324.09
21821,306.3
21822,297.12
21823,353.37
21824,261.0
21825,322.8
21826,333.9
21827,306.78
21828,337.38
21829,352.8
21830,338.7
21831,301.11
21832,324.84
21833,299.49
21834,338.76
21835,326.46
21836,410.07
21837,349.68
21838,316.29
21839,319.53
21840,298.5
21841,326.22
21842,338.58
21843,307.59
21844,315.03
21845,315.99
21846,343.05
21847,328.62
21848,350.76
21849,310.38
21850,352.44
21851,336.81
21852,314.94
21853,322.41
21854,359.97
21855,329.28
21856,438.72
21857,328.5
21858,371.76
21859,316.35
21860,467.79
21861,294.0
21862,360.81
21863,293.31
21864,290.79
21865,356.64
21866,333.99
21867,324.39
21868,333.69
21869,277.86
21870,311.19
21871,316.44
21872,325.92
21873,320.58
21874,326.19
21875,352.2
21876,345.15
21877,313.92
21878,331.5
21879,313.47
21880,308.46
21881,293.58
21882,304.41
21883,317.01
21884,302.76
21885,319.77
21886,309.6
21887,307.26
21888,294.54
21889,301.44
21890,283.8
21891,302.82
21892,363.78
21893,265.47
21894,323.52
21895,328.65
21896,280.11
21897,353.31
21898,328.5
21899,288.54
21900,310.08
21901,298.26
21902,342.66
21903,310.89
21904,334.89
21905,288.87
21906,332.94
21907,298.74
21908,302.34
21909,344.25
21910,283.44
21911,299.97
21912,316.14
21913,275.07
21914,293.4
21915,292.2
21916,276.78
21917,322.2
21918,307.29
21919,331.2
21920,302.91
21921,268.2
21922,274.14
21923,302.82
21924,275.22
21925,274.53
21926,240.72
21927,243.99
21928,261.57
21929,240.51
21930,215.82
21931,264.39
21932,262.86
21933,262.86
21934,256.95
21935,254.61
22488,281.07
22489,306.09
22490,300.57
22491,279.36
22492,286.14
22493,300.75
22494,283.68
22495,311.79
22496,331.08
22497,322.71
22498,316.44
22499,292.29
22500,286.41
22501,331.44
22502,358.17
22503,331.98
22504,300.45
22505,341.31
22506,297.6
22507,317.91
22508,293.64
22509,279.72
22510,325.83
22511,339.57
22512,309.03
22513,303.78
22514,321.09
22515,331.95
22516,399.96
22517,363.18
22518,350.91
22519,302.7
22520,371.85
22521,316.62
22522,332.34
22523,354.21
22524,324.81
22525,339.3
22526,357.27
22527,327.99
22528,375.18
22529,320.55
22530,339.54
22531,329.52
22532,337.47
22533,296.91
22534,343.35
22535,317.91
22536,290.13
22537,300.84
22538,295.11
22539,324.81
22540,317.55
22541,282.9
22542,292.29
22543,351.03
22544,308.46
22545,271.02
22546,295.71
22547,233.76
22548,218.31
22549,257.91
22550,231.84
22551,210.12
22552,225.54
22553,245.25
22554,238.41
22555,246.93
22556,262.5
22557,262.8
22558,329.37
22559,265.38
22560,283.86
22561,300.51
22562,313.77
22563,328.62
22564,325.29
22565,322.17
22566,300.0
22567,347.49
22568,310.86
22569,316.86
22570,318.75
22571,303.21
22572,302.76
22573,277.83
22574,313.89
22575,291.69
22576,256.38
22577,262.74
22578,336.66
22579,294.09
22580,336.51
22581,261.69
22582,290.19
22583,343.44
22584,305.28
22585,302.31
22586,311.76
22587,299.73
22588,277.83
22589,287.25
22590,338.61
22591,278.85
22592,328.8
22593,292.68
22594,305.01
22595,359.61
22596,288.57
22597,261.72
22598,267.21
22599,262.65
22600,302.64
22601,255.6
22602,342.78
22603,275.64
22604,313.35
22605,284.97
22606,303.03
22607,297.93
22608,294.3
22609,280.23
22610,262.95
22611,268.41
22612,303.81
22613,240.51
22614,283.98
22615,293.37
22616,305.94
22617,313.56
22618,301.56
22619,308.28
22620,263.94
22621,281.76
22622,284.76
22623,350.97
22624,287.55
22625,304.23
22626,350.16
22627,305.1
22628,261.21
22629,277.56
22630,273.12
22631,276.33
22632,288.78
22633,272.67
22634,302.97
22635,268.08
22636,298.74
22637,283.56
22638,285.57
22639,313.11
22640,316.68
22641,316.56
22642,308.19
22643,327.69
22644,303.36
22645,318.06
22646,294.24
22647,312.96
22648,323.79
22649,327.69
22650,336.24
22651,244.89
22652,306.87
22653,304.44
22654,286.38
22655,304.89
22656,306.9
22657,284.07
22658,270.15
22659,277.59
22660,311.58
22661,282.84
22662,336.12
22663,324.39
22664,305.13
22665,322.02
22666,341.43
22667,311.22
22668,317.58
22669,307.92
22670,284.01
22671,332.43
22672,264.87
22673,259.41
22674,254.64
22675,319.53
22676,322.8
22677,263.94
22678,264.15
22679,261.12
23232,275.64
23233,294.96
23234,294.75
23235,282.45
23236,291.72
23237,238.35
23238,312.84
23239,283.05
23240,265.59
23241,229.83
23242,248.31
23243,233.31
23244,212.04
23245,255.54
23246,246.09
23247,260.4
23248,282.69
23249,293.1
23250,323.19
23251,263.37
23252,313.14
23253,295.98
23254,302.22
23255,283.02
23256,309.72
23257,327.54
23258,335.13
23259,315.12
23260,341.13
23261,338.7
23262,333.24
23263,339.21
23264,335.01
23265,315.06
23266,313.05
23267,289.23
23268,311.37
23269,287.25
23270,325.83
23271,311.25
23272,315.69
23273,313.17
23274,269.97
23275,295.44
23276,284.91
23277,263.97
23278,310.35
23279,285.48
23280,275.01
23281,277.29
23282,354.75
23283,308.25
23284,270.87
23285,357.0
23286,324.36
23287,296.1
23288,305.4
23289,321.21
23290,309.21
23291,319.41
23292,286.98
23293,299.82
23294,311.97
23295,315.6
23296,379.47
23297,308.94
23298,313.41
23299,318.12
23300,279.42
23301,284.76
23302,275.82
23303,274.05
23304,290.64
23305,261.75
23306,295.29
23307,284.34
23308,273.15
23309,256.11
23310,267.18
23311,267.81
23312,244.74
23313,248.91
23314,267.93
23315,256.65
23316,270.24
23317,242.04
23318,266.88
23319,274.59
23320,260.22
23321,262.47
23322,285.18
23323,246.27
23324,265.17
23325,288.87
23326,294.75
23327,260.85
23328,287.4
23329,266.19
23330,252.78
23331,293.49
23332,295.68
23333,322.98
23334,300.75
23335,270.45
23336,252.87
23337,236.31
23338,267.81
23339,246.78
23340,232.8
23341,227.58
23342,268.17
23343,237.78
23344,222.81
23345,232.59
23346,265.59
23347,270.57
23348,283.02
23349,247.32
23350,263.01
23351,301.38
23352,414.57
23353,260.4
23354,262.62
23355,278.13
23356,264.96
23357,265.41
23358,281.55
23359,258.27
23360,277.38
23361,268.44
23362,243.06
23363,277.32
23364,270.33
23365,253.98
23366,215.88
23367,240.84
23368,226.2
23369,211.26
23370,267.45
23371,221.67
23372,284.97
23373,302.79
23374,277.53
23375,250.98
23928,273.24
23929,275.46
23930,252.36
23931,296.82
23932,272.46
23933,263.4
23934,289.59
23935,272.4
23936,278.61
23937,283.56
23938,282.63
23939,295.74
23940,248.28
23941,261.42
23942,248.88
23943,254.22
23944,255.81
23945,267.3
23946,249.51
23947,336.66
23948,312.48
23949,337.26
23950,356.46
23951,304.14
23952,282.24
23953,283.5
23954,320.46
23955,367.98
23956,234.12
23957,248.76
23958,364.68
23959,312.12
23960,263.64
23961,281.04
23962,239.64
23963,244.95
23964,251.67
23965,248.97
23966,239.67
23967,215.37
23968,252.54
23969,261.3
23970,268.14
23971,290.79
23972,297.36
23973,259.65
23974,304.92
23975,377.19
23976,336.66
23977,274.5
23978,340.5
23979,309.96
23980,293.7
23981,299.79
23982,294.96
23983,305.79
23984,327.66
23985,308.55
23986,268.5
23987,265.23
23988,239.94
23989,222.78
23990,221.85
23991,262.71
23992,223.47
23993,243.21
23994,259.11
23995,314.16
23996,297.54
23997,324.24
23998,333.09
23999,393.57
24000,271.68
24001,341.82
24002,319.83
24003,383.37
24004,281.94
24005,356.82
24006,379.8
24007,347.58
24008,338.07
24009,340.83
24010,318.54
24011,321.54
24012,341.61
24013,306.12
24014,280.83
24015,241.38
24016,245.28
24017,331.23
24018,370.11
24019,367.29
24020,318.66
24021,291.27
24022,280.26
24023,353.31
24024,311.94
24025,285.33
24026,314.76
24027,367.47
24028,329.64
24029,322.95
24030,391.47
24031,306.18
24032,417.63
24033,399.81
24034,346.74
24035,398.46
24036,386.19
24037,348.81
24038,379.47
24039,443.07
24040,316.62
24041,427.74
24042,457.62
24043,409.11
24044,376.32
24045,469.68
24046,395.19
24047,511.56
24048,403.98
24049,309.33
24050,317.37
24051,264.87
24052,250.83
24053,257.73
24054,308.73
24055,284.46
24056,273.87
24057,296.88
24058,351.6
24059,392.82
24060,351.72
24061,335.7
24062,343.02
24063,337.26
24064,321.96
24065,326.31
24066,322.77
24067,461.73
24068,342.12
24069,305.61
24070,269.67
24071,438.24
24072,352.5
24073,279.81
24074,333.96
24075,308.25
24076,314.85
24077,348.12
24078,284.91
24079,324.21
24080,288.84
24081,289.71
24082,342.27
24083,349.53
24084,359.46
24085,324.24
24086,319.5
24087,337.8
24088,333.39
24089,377.61
24090,303.69
24091,312.39
24092,275.31
24093,381.09
24094,416.28
24095,296.67
24096,287.79
24097,290.97
24098,273.3
24099,328.8
24100,307.92
24101,303.36
24102,286.98
24103,313.98
24104,300.75
24105,307.71
24106,319.08
24107,325.05
24108,329.01
24109,354.39
24110,343.35
24111,330.45
24112,327.3
24113,319.77
24114,260.1
24115,400.08
24116,328.47
24117,415.32
24118,269.94
24119,439.8
24672,287.67
24673,250.71
24674,257.88
24675,249.6
24676,338.16
24677,231.33
24678,240.72
24679,228.06
24680,215.88
24681,207.39
24682,221.97
24683,224.31
24684,247.77
24685,210.36
24686,239.25
24687,247.71
24688,249.45
24689,247.14
24690,332.13
24691,270.54
24692,310.95
24693,319.77
24694,420.18
24695,355.5
24696,325.65
24697,325.65
24698,338.94
24699,325.8
24700,386.79
24701,297.36
24702,319.29
24703,302.01
24704,316.65
24705,241.41
24706,225.18
24707,238.5
24708,227.31
24709,293.94
24710,276.0
24711,281.4
24712,293.07
24713,309.09
24714,324.96
24715,297.09
24716,314.52
24717,358.17
24718,384.45
24719,369.21
24720,420.03
24721,354.72
24722,488.91
24723,322.08
24724,372.99
24725,350.67
24726,416.61
24727,431.43
24728,446.37
24729,447.96
24730,333.27
24731,296.97
24732,317.97
24733,315.09
24734,290.31
24735,302.97
24736,405.36
24737,398.13
24738,396.09
24739,407.19
24740,430.89
24741,278.13
24742,340.14
24743,602.46
24744,296.46
24745,388.53
24746,309.39
24747,350.76
24748,347.07
24749,302.67
24750,304.35
24751,264.27
24752,293.61
24753,254.01
24754,256.29
24755,276.87
24756,264.81
24757,276.21
24758,283.17
24759,247.77
24760,317.61
24761,327.27
24762,326.82
24763,290.61
24764,295.68
24765,279.45
24766,326.46
24767,310.77
24768,274.17
24769,274.5
24770,303.24
24771,266.01
24772,278.76
24773,389.73
24774,329.79
24775,329.76
24776,309.18
24777,267.54
24778,257.91
24779,263.64
24780,257.4
24781,270.99
24782,235.95
24783,239.19
24784,227.85
24785,308.37
24786,258.93
24787,315.6
24788,309.9
24789,334.23
24790,412.59
24791,413.4
24792,388.17
24793,382.02
24794,413.55
24795,313.47
24796,371.82
24797,359.22
24798,338.19
24799,433.56
24800,340.62
24801,359.19
24802,355.83
24803,283.86
24804,297.72
24805,288.66
24806,277.11
24807,340.05
24808,341.01
24809,273.15
24810,362.37
24811,303.63
24812,407.79
24813,431.37
24814,313.05
24815,396.33
24816,367.53
24817,409.83
24818,426.12
24819,376.77
24820,264.18
24821,357.9
24822,301.83
24823,310.47
24824,281.64
24825,301.65
24826,291.69
24827,265.59
24828,304.62
24829,311.85
24830,265.2
24831,267.33
24832,381.21
24833,280.14
24834,327.15
24835,337.5
24836,317.58
24837,321.78
24838,407.88
24839,369.3
25392,409.74
25393,362.49
25394,441.84
25395,416.64
25396,339.12
25397,361.2
25398,358.86
25399,331.29
25400,343.89
25401,327.42
25402,298.44
25403,301.5
25404,223.86
25405,237.75
25406,222.15
25407,213.42
25408,237.54
25409,297.72
25410,339.09
25411,319.68
25412,228.03
25413,225.66
25414,267.36
25415,211.77
25416,247.77
25417,223.8
25418,207.18
25419,230.82
25420,210.09
25421,199.86
25422,200.01
25423,195.6
25424,196.86
25425,200.58
25426,203.4
25427,206.34
25428,205.62
25429,201.75
25430,203.61
25431,202.32
25432,198.84
25433,195.66
25434,194.94
25435,196.53
25436,363.75
25437,280.83
25438,384.87
25439,419.76
25440,346.62
25441,242.46
25442,277.38
25443,308.61
25444,355.02
25445,340.59
25446,330.33
25447,377.07
25448,293.4
25449,225.69
25450,258.21
25451,276.3
25452,235.83
25453,211.2
25454,228.81
25455,204.57
25456,211.47
25457,213.33
25458,229.38
25459,214.68
25460,213.66
25461,203.97
25462,205.2
25463,207.69
25464,241.5
25465,200.04
25466,196.02
25467,217.71
25468,204.72
25469,198.03
25470,198.45
25471,200.7
25472,210.36
25473,206.79
25474,202.65
25475,204.93
25476,206.97
25477,214.2
25478,204.06
25479,209.55
25480,202.08
25481,202.98
25482,197.04
25483,204.03
25484,209.46
25485,208.29
25486,211.14
25487,213.93
25488,207.9
25489,198.03
25490,199.2
25491,199.8
25492,197.19
25493,199.2
25494,206.13
25495,208.23
25496,206.28
25497,206.19
25498,200.37
25499,201.93
25500,202.38
25501,203.28
25502,200.07
25503,200.97
25504,199.68
25505,199.2
25506,195.42
25507,200.49
25508,203.43
25509,206.46
25510,226.23
25511,210.36
25512,201.3
25513,200.79
25514,278.34
25515,281.79
25516,266.13
25517,276.84
25518,269.25
25519,291.0
25520,285.57
25521,282.42
25522,216.6
25523,230.07
25524,215.13
25525,232.32
25526,216.36
25527,214.56
25528,219.0
25529,229.2
25530,247.14
25531,248.97
25532,276.09
25533,236.85
25534,262.38
25535,336.06
25536,274.02
25537,245.22
25538,277.74
25539,333.81
25540,331.92
25541,329.43
25542,301.89
25543,299.82
25544,232.23
25545,242.82
25546,232.59
25547,211.98
25548,214.92
25549,220.68
25550,257.46
25551,221.94
25552,252.48
25553,306.33
25554,259.71
25555,275.55
25556,274.98
25557,344.49
25558,354.57
25559,289.83
25560,284.31
25561,347.31
25562,335.85
25563,315.0
25564,304.2
25565,274.92
25566,289.23
25567,251.61
25568,266.88
25569,256.8
25570,231.21
25571,219.48
25572,209.94
25573,259.2
25574,219.48
25575,230.64
25576,227.28
25577,219.93
25578,211.89
25579,291.15
25580,229.35
25581,316.14
25582,318.78
25583,414.66
26136,492.15
26137,471.39
26138,481.59
26139,425.91
26140,413.64
26141,371.52
26142,445.71
26143,294.48
26144,409.95
26145,328.74
26146,529.98
26147,274.2
26148,265.92
26149,220.23
26150,213.63
26151,211.98
26152,218.28
26153,215.49
26154,210.63
26155,205.38
26156,198.69
26157,202.62
26158,201.27
26159,207.03
26160,191.37
26161,194.25
26162,196.68
26163,194.34
26164,194.43
26165,198.3
26166,201.42
26167,199.05
26168,208.68
26169,208.74
26170,207.6
26171,216.33
26172,202.98
26173,208.5
26174,208.11
26175,198.93
26176,205.11
26177,210.72
26178,200.1
26179,199.35
26180,207.33
26181,203.94
26182,203.76
26183,208.89
26184,201.3
26185,198.69
26186,211.98
26187,197.13
26188,197.7
26189,199.35
26190,200.58
26191,200.79
26192,201.48
26193,205.23
26194,203.79
26195,203.37
26196,202.71
26197,206.94
26198,210.72
26199,201.48
26200,242.31
26201,242.04
26202,280.83
26203,266.19
26204,250.11
26205,280.35
26206,286.35
26207,326.79
26208,395.31
26209,265.05
26210,237.18
26211,215.04
26212,210.3
26213,201.48
26214,222.15
26215,235.68
26216,208.47
26217,222.45
26218,207.78
26219,208.68
26220,204.06
26221,208.68
26222,213.03
26223,199.02
26224,210.84
26225,205.38
26226,204.33
26227,200.22
26228,201.9
26229,201.18
26230,199.59
26231,200.55
26232,246.06
26233,239.04
26234,220.74
26235,214.95
26236,203.85
26237,201.36
26238,203.94
26239,259.8
26240,248.19
26241,294.24
26242,249.15
26243,279.81
26244,282.09
26245,243.6
26246,236.25
26247,222.54
26248,219.69
26249,218.79
26250,257.22
26251,211.8
26252,250.11
26253,252.42
26254,315.6
26255,320.13
26256,240.51
26257,224.37
26258,216.81
26259,205.71
26260,198.78
26261,202.68
26262,209.13
26263,216.27
26264,208.62
26265,217.02
26266,225.0
26267,214.05
26268,207.96
26269,205.89
26270,207.93
26271,204.45
26272,202.32
26273,204.27
26274,200.85
26275,200.73
26276,237.51
26277,259.32
26278,282.3
26279,251.43
26280,326.85
26281,298.68
26282,378.72
26283,330.57
26284,239.76
26285,288.09
26286,277.62
26287,265.77
26288,242.73
26289,232.17
26290,219.81
26291,217.65
26292,215.52
26293,221.91
26294,214.11
26295,205.77
26296,203.73
26297,207.18
26298,203.52
26299,201.33
26300,201.27
26301,202.14
26302,208.23
26303,210.54
26856,411.57
26857,345.3
26858,338.1
26859,312.09
26860,263.64
26861,296.46
26862,304.74
26863,340.8
26864,448.62
26865,321.63
26866,273.21
26867,245.79
26868,257.19
26869,250.56
26870,225.15
26871,216.99
26872,226.11
26873,219.33
26874,221.28
26875,236.4
26876,311.94
26877,249.54
26878,255.48
26879,267.33
26880,307.29
26881,290.85
26882,275.55
26883,300.93
26884,308.61
26885,268.86
26886,240.27
26887,235.38
26888,244.11
26889,219.75
26890,231.42
26891,224.76
26892,227.85
26893,222.78
26894,225.3
26895,237.57
26896,235.05
26897,265.62
26898,234.84
26899,252.27
26900,287.13
26901,278.61
26902,444.69
26903,458.79
26904,393.99
26905,330.93
26906,436.92
26907,409.77
26908,248.67
26909,298.38
26910,386.73
26911,283.92
26912,311.82
26913,334.26
26914,337.5
26915,300.84
26916,378.66
26917,306.99
26918,237.99
26919,289.47
26920,293.25
26921,239.28
26922,337.59
26923,291.78
26924,325.8
26925,424.56
26926,408.51
26927,320.91
26928,336.9
26929,513.57
26930,409.62
26931,369.12
26932,354.69
26933,327.96
26934,309.3
26935,299.94
26936,409.77
26937,367.5
26938,403.8
26939,265.23
26940,279.21
26941,242.82
26942,275.91
26943,286.26
26944,235.38
26945,320.58
26946,236.88
26947,236.79
26948,216.27
26949,229.56
26950,278.28
26951,227.46
26952,242.19
26953,321.24
26954,217.14
26955,210.87
26956,222.39
26957,233.58
26958,236.55
26959,231.48
26960,234.45
26961,233.19
26962,247.77
26963,262.68
26964,303.96
26965,302.49
26966,251.73
26967,266.82
26968,251.04
26969,262.29
26970,269.16
26971,250.71
26972,267.6
26973,306.45
26974,307.2
26975,295.32
26976,262.5
26977,518.16
26978,548.04
26979,459.99
26980,289.44
26981,430.02
26982,323.88
26983,435.36
26984,328.8
26985,475.68
26986,409.5
26987,448.35
26988,468.15
26989,453.57
26990,517.59
26991,470.1
26992,454.77
26993,419.07
26994,532.74
26995,538.68
26996,441.0
26997,558.63
26998,478.59
26999,512.31
27000,388.2
27001,529.11
27002,387.45
27003,399.09
27004,264.84
27005,317.19
27006,229.56
27007,214.14
27008,228.72
27009,236.22
27010,240.81
27011,210.69
27012,212.07
27013,261.45
27014,206.97
27015,214.77
27016,213.72
27017,218.4
27018,235.23
27019,309.78
27020,376.41
27021,432.36
27022,407.91
27023,366.72
27024,332.91
27025,358.71
27026,336.72
27027,315.93
27028,417.06
27029,478.29
27030,353.46
27031,340.08
27032,486.21
27033,396.99
27034,372.03
27035,393.33
27036,503.55
27037,523.77
27038,480.06
27039,450.72
27040,478.35
27041,477.06
27042,428.55
27043,492.42
27044,345.96
27045,487.77
27046,359.13
27047,525.3
27600,376.41
27601,363.15
27602,333.42
27603,362.16
27604,306.78
27605,287.91
27606,317.07
27607,322.95
27608,324.36
27609,328.98
27610,383.85
27611,355.71
27612,367.59
27613,421.8
27614,314.94
27615,356.91
27616,401.49
27617,395.07
27618,301.14
27619,292.53
27620,343.35
27621,432.21
27622,330.51
27623,356.46
27624,466.65
27625,388.47
27626,362.46
27627,373.53
27628,346.98
27629,472.26
27630,458.13
27631,282.75
27632,390.12
27633,316.68
27634,404.64
27635,411.93
27636,380.88
27637,399.27
27638,384.93
27639,456.12
27640,395.82
27641,382.59
27642,456.33
27643,326.25
27644,364.71
27645,510.3
27646,412.02
27647,493.83
27648,347.49
27649,403.65
27650,358.62
27651,395.07
27652,275.85
27653,340.05
27654,445.59
27655,319.95
27656,389.28
27657,399.84
27658,459.99
27659,428.19
27660,472.53
27661,472.89
27662,550.98
27663,486.81
27664,515.73
27665,460.17
27666,349.68
27667,334.2
27668,287.04
27669,336.93
27670,346.02
27671,366.87
27672,217.89
27673,220.86
27674,218.7
27675,244.32
27676,197.13
27677,202.35
27678,197.37
27679,203.49
27680,203.85
27681,206.46
27682,210.9
27683,209.82
27684,245.91
27685,220.02
27686,243.66
27687,212.28
27688,219.09
27689,229.74
27690,271.05
27691,317.22
27692,257.79
27693,348.51
27694,357.21
27695,349.53
27696,408.72
27697,278.25
27698,376.56
27699,481.89
27700,354.36
27701,330.42
27702,442.14
27703,445.89
27704,459.45
27705,381.48
27706,371.16
27707,455.64
27708,413.31
27709,318.18
27710,288.51
27711,352.02
27712,291.63
27713,309.54
27714,293.85
27715,354.18
27716,448.53
27717,377.73
27718,427.86
27719,557.1
27720,352.5
27721,426.18
27722,443.25
27723,396.15
27724,377.94
27725,431.67
27726,380.64
27727,358.62
27728,275.13
27729,369.27
27730,249.33
27731,223.53
27732,214.98
27733,222.3
27734,218.82
27735,240.36
27736,231.9
27737,222.96
27738,239.52
27739,259.23
27740,241.53
27741,205.53
27742,210.06
27743,249.9
27744,336.81
27745,326.52
27746,329.88
27747,392.58
27748,402.6
27749,378.36
27750,397.38
27751,336.27
27752,401.7
27753,418.26
27754,369.63
27755,303.6
27756,314.94
27757,269.52
27758,295.98
27759,261.21
27760,275.79
27761,245.34
27762,316.17
27763,318.27
27764,310.17
27765,355.29
27766,421.95
27767,428.46
27768,344.13
27769,363.84
27770,441.99
27771,412.65
27772,431.61
27773,450.9
27774,451.71
27775,317.04
27776,279.66
27777,336.12
27778,401.52
27779,399.75
27780,451.62
27781,531.84
27782,447.36
27783,440.85
27784,379.86
27785,456.54
27786,393.93
27787,424.44
27788,389.43
27789,429.12
27790,307.77
27791,303.48
28344,302.04
28345,381.27
28346,290.07
28347,323.19
28348,313.65
28349,294.57
28350,283.05
28351,404.37
28352,321.9
28353,306.57
28354,418.5
28355,384.96
28356,338.13
28357,287.94
28358,319.14
28359,351.78
28360,281.94
28361,374.7
28362,337.2
28363,366.33
28364,304.5
28365,260.94
28366,345.48
28367,305.67
28368,276.84
28369,279.63
28370,284.94
28371,289.17
28372,287.79
28373,280.26
28374,305.55
28375,310.11
28376,322.26
28377,332.28
28378,399.48
28379,355.74
28380,339.12
28381,266.13
28382,247.44
28383,258.81
28384,291.66
28385,299.67
28386,402.81
28387,353.19
28388,309.6
28389,298.08
28390,381.36
28391,350.22
28392,324.42
28393,428.97
28394,334.05
28395,321.48
28396,314.88
28397,283.2
28398,283.89
28399,284.7
28400,248.82
28401,247.5
28402,275.67
28403,307.32
28404,272.67
28405,272.19
28406,279.0
28407,256.17
28408,240.63
28409,230.97
28410,235.86
28411,280.23
28412,286.02
28413,278.07
28414,348.3
28415,327.6
28416,280.89
28417,293.73
28418,265.23
28419,305.37
28420,301.08
28421,247.83
28422,271.92
28423,284.58
28424,236.43
28425,240.3
28426,237.93
28427,261.84
28428,264.15
28429,252.27
28430,251.91
28431,260.43
28432,245.19
28433,258.42
28434,260.34
28435,272.97
28436,285.42
28437,277.95
28438,285.99
28439,289.59
28440,265.83
28441,287.76
28442,257.76
28443,240.33
28444,247.74
28445,233.82
28446,282.69
28447,304.5
28448,285.57
28449,326.46
28450,379.29
28451,362.1
28452,300.6
28453,338.61
28454,288.15
28455,234.93
28456,255.66
28457,319.41
28458,251.73
28459,273.99
28460,291.72
28461,294.33
28462,284.07
28463,342.0
28464,317.58
28465,304.32
28466,293.91
28467,290.01
28468,305.67
28469,321.06
28470,347.7
28471,282.78
28472,289.08
28473,334.35
28474,281.94
28475,348.66
28476,324.78
28477,262.08
28478,274.2
28479,275.34
28480,283.92
28481,283.95
28482,269.07
28483,270.9
28484,301.83
28485,247.26
28486,277.89
28487,335.67
28488,309.18
28489,296.4
28490,316.83
28491,365.01
28492,339.24
28493,349.74
28494,325.08
28495,347.76
28496,295.62
28497,280.05
28498,262.05
28499,217.32
28500,228.84
28501,229.5
28502,248.46
28503,217.53
28504,271.02
28505,290.16
28506,272.49
28507,291.54
28508,256.35
28509,281.13
28510,291.03
28511,303.75
29064,249.72
29065,386.61
29066,371.46
29067,337.05
29068,296.46
29069,304.68
29070,289.83
29071,325.47
29072,246.75
29073,341.7
29074,320.04
29075,332.55
29076,263.82
29077,256.08
29078,267.0
29079,224.25
29080,278.13
29081,306.09
29082,324.18
29083,359.07
29084,363.12
29085,325.71
29086,290.13
29087,399.09
29088,307.11
29089,306.15
29090,504.03
29091,525.12
29092,320.43
29093,263.19
29094,269.1
29095,257.97
29096,242.73
29097,220.32
29098,255.45
29099,258.45
29100,247.08
29101,255.24
29102,249.81
29103,212.04
29104,232.92
29105,259.86
29106,293.73
29107,260.13
29108,230.19
29109,265.59
29110,290.79
29111,314.79
29112,265.23
29113,307.23
29114,274.62
29115,329.22
29116,339.12
29117,376.65
29118,287.31
29119,260.04
29120,270.36
29121,249.87
29122,304.86
29123,230.7
29124,266.04
29125,252.69
29126,236.7
29127,234.78
29128,231.39
29129,229.17
29130,234.57
29131,281.85
29132,242.31
29133,269.34
29134,283.2
29135,287.85
29136,298.56
29137,334.92
29138,285.51
29139,275.52
29140,259.11
29141,313.77
29142,311.55
29143,328.5
29144,324.33
29145,269.82
29146,276.15
29147,352.56
29148,281.04
29149,257.19
29150,224.61
29151,245.76
29152,260.55
29153,242.01
29154,259.11
29155,282.39
29156,287.37
29157,281.28
29158,275.25
29159,268.8
29160,290.31
29161,314.34
29162,284.55
29163,307.8
29164,309.03
29165,302.01
29166,335.13
29167,289.47
29168,341.28
29169,266.31
29170,319.38
29171,291.42
29172,253.86
29173,275.28
29174,261.75
29175,263.46
29176,303.12
29177,274.59
29178,273.66
29179,285.9
29180,281.37
29181,271.32
29182,248.97
29183,271.77
29184,278.22
29185,287.91
29186,282.36
29187,303.12
29188,317.52
29189,297.21
29190,312.81
29191,309.48
29192,312.66
29193,297.57
29194,313.35
29195,284.37
29196,306.93
29197,295.2
29198,274.38
29199,261.9
29200,266.55
29201,268.08
29202,258.69
29203,262.98
29204,261.93
29205,296.28
29206,281.46
29207,288.45
29208,271.71
29209,271.26
29210,266.22
29211,236.04
29212,222.96
29213,224.55
29214,217.35
29215,220.11
29216,220.38
29217,231.54
29218,237.39
29219,240.21
29220,229.11
29221,225.3
29222,212.52
29223,213.99
29224,208.65
29225,213.03
29226,219.21
29227,216.57
29228,280.11
29229,248.7
29230,235.44
29231,327.57
29232,349.89
29233,316.8
29234,287.22
29235,315.57
29236,312.0
29237,304.71
29238,319.32
29239,296.46
29240,298.68
29241,288.78
29242,338.25
29243,302.28
29244,247.5
29245,259.62
29246,306.45
29247,295.68
29248,280.23
29249,252.3
29250,220.83
29251,224.55
29252,241.8
29253,246.81
29254,221.85
29255,216.39
29808,271.14
29809,257.46
29810,254.88
29811,288.99
29812,262.71
29813,287.58
29814,273.66
29815,227.19
29816,225.06
29817,235.38
29818,232.32
29819,228.78
29820,224.19
29821,218.73
29822,248.85
29823,278.28
29824,260.43
29825,275.04
29826,272.94
29827,220.11
29828,227.31
29829,284.28
29830,285.87
29831,276.54
29832,272.13
29833,277.71
29834,286.86
29835,266.25
29836,306.03
29837,275.67
29838,287.85
29839,296.97
29840,291.96
29841,278.55
29842,252.57
29843,247.83
29844,217.08
29845,231.63
29846,238.02
29847,222.45
29848,231.45
29849,234.33
29850,224.97
29851,228.3
29852,251.85
29853,235.14
29854,255.39
29855,255.18
29856,275.58
29857,329.91
29858,273.36
29859,253.11
29860,268.44
29861,348.66
29862,254.07
29863,231.78
29864,245.34
29865,239.37
29866,220.65
29867,237.45
29868,207.75
29869,207.03
29870,211.11
29871,216.36
29872,246.87
29873,233.97
29874,227.22
29875,217.92
29876,220.62
29877,278.82
29878,244.14
29879,245.58
29880,273.75
29881,286.62
29882,291.75
29883,295.83
29884,309.09
29885,318.3
29886,260.01
29887,237.99
29888,272.55
29889,264.45
29890,228.24
29891,237.27
29892,250.47
29893,262.11
29894,256.98
29895,265.02
29896,248.1
29897,247.86
29898,265.32
29899,287.73
29900,267.54
29901,257.76
29902,263.79
29903,279.78
29904,259.62
29905,269.52
29906,306.75
29907,277.08
29908,285.15
29909,339.3
29910,312.45
29911,373.65
29912,300.78
29913,275.13
29914,263.19
29915,219.42
29916,220.32
29917,245.22
29918,229.02
29919,284.88
29920,256.98
29921,260.37
29922,250.71
29923,242.91
29924,264.39
29925,268.68
29926,288.57
29927,268.65
29928,306.96
29929,318.66
29930,273.12
29931,283.92
29932,285.81
29933,285.24
29934,282.54
29935,291.78
29936,287.67
29937,263.43
29938,237.75
29939,277.26
29940,265.26
29941,271.38
29942,284.91
29943,350.67
29944,277.38
29945,313.74
29946,250.65
29947,265.83
29948,295.14
29949,323.25
29950,299.73
29951,285.63
29952,303.78
29953,276.33
29954,310.38
29955,273.09
29956,269.16
29957,299.61
29958,251.88
29959,318.18
29960,268.23
29961,275.4
29962,315.93
29963,301.56
29964,299.34
29965,314.97
29966,264.54
29967,326.25
29968,253.05
29969,338.82
29970,263.25
29971,252.09
29972,269.55
29973,308.73
29974,258.27
29975,307.89
30528,295.95
30529,282.6
30530,304.38
30531,284.07
30532,309.42
30533,289.2
30534,311.73
30535,318.45
30536,303.42
30537,340.77
30538,315.27
30539,326.97
30540,294.09
30541,260.73
30542,225.3
30543,233.76
30544,287.07
30545,257.91
30546,307.68
30547,313.26
30548,301.08
30549,312.39
30550,242.85
30551,312.84
30552,284.73
30553,271.86
30554,257.91
30555,281.1
30556,268.59
30557,310.11
30558,290.7
30559,290.97
30560,249.03
30561,239.52
30562,252.93
30563,243.24
30564,226.59
30565,239.73
30566,232.71
30567,241.56
30568,216.09
30569,232.89
30570,245.4
30571,253.86
30572,249.84
30573,243.09
30574,246.96
30575,296.91
30576,274.98
30577,253.5
30578,271.11
30579,288.96
30580,263.97
30581,257.37
30582,265.62
30583,241.5
30584,228.21
30585,233.04
30586,259.08
30587,231.93
30588,220.17
30589,242.49
30590,214.2
30591,210.48
30592,237.96
30593,210.69
30594,236.88
30595,244.38
30596,225.24
30597,264.27
30598,231.69
30599,262.35
30600,258.84
30601,279.42
30602,293.64
30603,298.95
30604,292.92
30605,267.66
30606,274.08
30607,295.95
30608,295.68
30609,288.84
30610,250.41
30611,248.22
30612,275.13
30613,241.2
30614,268.98
30615,253.92
30616,267.84
30617,251.94
30618,282.54
30619,257.34
30620,251.79
30621,260.22
30622,386.28
30623,263.4
30624,317.7
30625,307.98
30626,319.2
30627,341.34
30628,277.47
30629,271.77
30630,328.23
30631,284.52
30632,272.52
30633,294.03
30634,277.92
30635,294.18
30636,265.95
30637,276.15
30638,251.52
30639,243.78
30640,272.82
30641,281.61
30642,273.06
30643,270.9
30644,257.73
30645,259.68
30646,266.58
30647,280.5
30648,263.64
30649,310.05
30650,340.23
30651,304.35
30652,332.19
30653,314.73
30654,299.79
30655,323.85
30656,299.73
30657,275.49
30658,235.83
30659,278.46
30660,311.79
30661,304.44
30662,319.74
30663,302.04
30664,334.38
30665,283.23
30666,339.18
30667,324.78
30668,291.24
30669,305.94
30670,298.02
30671,291.66
30672,277.05
30673,276.03
30674,301.83
30675,295.14
30676,285.12
30677,309.51
30678,305.07
30679,278.22
30680,321.21
30681,309.36
30682,340.2
30683,300.99
30684,323.52
30685,337.32
30686,347.94
30687,304.41
30688,327.12
30689,282.87
30690,310.17
30691,297.96
30692,290.37
30693,284.1
30694,292.74
30695,282.6
30696,271.14
30697,268.68
30698,279.45
30699,280.95
30700,326.28
30701,276.81
30702,291.93
30703,303.75
30704,288.78
30705,353.4
30706,329.16
30707,338.55
30708,313.89
30709,297.36
30710,302.88
30711,313.92
30712,320.91
30713,291.48
30714,366.33
30715,304.86
30716,307.77
30717,320.1
30718,308.46
30719,287.7
31272,319.77
31273,306.9
31274,299.88
31275,306.93
31276,342.21
31277,322.17
31278,370.53
31279,295.05
31280,295.2
31281,259.68
31282,255.12
31283,271.41
31284,283.26
31285,264.93
31286,286.2
31287,301.89
31288,304.74
31289,273.18
31290,273.27
31291,279.96
31292,266.22
31293,288.09
31294,335.31
31295,276.3
31296,317.07
31297,331.98
31298,299.28
31299,300.96
31300,317.49
31301,301.77
31302,315.69
31303,337.98
31304,313.17
31305,310.11
31306,305.49
31307,283.02
31308,228.06
31309,310.74
31310,282.21
31311,324.12
31312,263.91
31313,298.23
31314,260.55
31315,294.78
31316,306.42
31317,292.32
31318,284.13
31319,314.88
31320,321.48
31321,321.36
31322,328.86
31323,321.27
31324,325.08
31325,317.55
31326,292.98
31327,288.66
31328,283.92
31329,277.65
31330,291.06
31331,293.31
31332,301.95
31333,294.81
31334,270.78
31335,281.52
31336,257.31
31337,297.9
31338,313.29
31339,292.5
31340,298.59
31341,298.35
31342,308.88
31343,304.8
31344,300.99
31345,317.16
31346,315.99
31347,250.02
31348,292.38
31349,293.28
31350,293.13
31351,313.5
31352,297.87
31353,299.25
31354,324.54
31355,286.74
31356,334.5
31357,306.63
31358,320.88
31359,316.92
31360,353.76
31361,268.41
31362,262.62
31363,301.02
31364,308.34
31365,310.02
31366,301.11
31367,283.11
31368,286.53
31369,279.24
31370,281.22
31371,303.09
31372,286.95
31373,292.83
31374,301.86
31375,317.1
31376,333.93
31377,337.71
31378,315.54
31379,328.38
31380,308.85
31381,308.49
31382,302.91
31383,310.14
31384,324.75
31385,329.55
31386,316.35
31387,330.99
31388,331.71
31389,318.33
31390,319.62
31391,294.24
31392,314.04
31393,299.49
31394,319.05
31395,333.6
31396,323.67
31397,324.21
31398,327.39
31399,311.19
31400,367.08
31401,359.28
31402,374.55
31403,299.22
31404,267.0
31405,308.79
31406,312.57
31407,272.58
31408,313.74
31409,273.51
31410,386.13
31411,326.79
31412,341.76
31413,307.44
31414,315.69
31415,340.65
31416,404.7
31417,324.96
31418,299.91
31419,274.44
31420,321.33
31421,416.25
31422,349.2
31423,352.47
31424,313.05
31425,364.74
31426,377.07
31427,372.06
31428,345.81
31429,381.54
31430,312.63
31431,351.09
31432,343.89
31433,334.68
31434,265.74
31435,285.69
31436,369.84
31437,339.36
31438,382.17
31439,336.36
31440,316.92
31441,321.72
31442,342.93
31443,332.01
31444,430.47
31445,302.04
31446,301.62
31447,327.24
31448,297.21
31449,309.12
31450,332.01
31451,314.28
31452,280.14
31453,265.47
31454,301.86
31455,272.82
31456,290.82
31457,318.15
31458,311.49
31459,319.83
31460,322.05
31461,328.5
31462,380.07
31463,300.15
32016,261.15
32017,298.59
32018,299.97
32019,316.95
32020,301.26
32021,280.08
32022,302.49
32023,288.66
32024,244.59
32025,268.59
32026,236.58
32027,227.28
32028,243.3
32029,233.19
32030,223.59
32031,230.28
32032,271.89
32033,279.69
32034,252.18
32035,270.99
32036,334.59
32037,280.86
32038,268.26
32039,324.24
32040,264.24
32041,272.43
32042,265.98
32043,332.67
32044,302.43
32045,316.38
32046,299.34
32047,326.1
32048,341.55
32049,316.17
32050,323.19
32051,314.58
32052,302.04
32053,294.78
32054,257.67
32055,298.38
32056,310.23
32057,320.46
32058,304.02
32059,294.12
32060,279.75
32061,335.28
32062,311.25
32063,337.32
32064,318.96
32065,319.68
32066,355.47
32067,290.58
32068,361.53
32069,260.73
32070,299.7
32071,312.57
32072,306.99
32073,343.44
32074,342.33
32075,312.3
32076,352.05
32077,320.88
32078,268.98
32079,306.69
32080,270.57
32081,317.67
32082,293.67
32083,277.5
32084,302.31
32085,311.01
32086,294.48
32087,325.71
32088,323.19
32089,312.57
32090,335.76
32091,343.74
32092,342.75
32093,322.74
32094,323.19
32095,327.51
32096,309.27
32097,350.34
32098,332.04
32099,332.7
32100,341.1
32101,338.04
32102,351.51
32103,338.16
32104,349.68
32105,333.24
32106,345.09
32107,344.16
32108,303.51
32109,299.16
32110,295.29
32111,315.33
32112,288.6
32113,304.53
32114,298.2
32115,304.35
32116,289.35
32117,327.9
32118,279.42
32119,328.95
32120,349.26
32121,333.6
32122,315.48
32123,358.2
32124,303.81
32125,294.57
32126,298.41
32127,294.39
32128,290.49
32129,317.07
32130,317.7
32131,315.57
32132,324.24
32133,311.52
32134,317.97
32135,308.55
32688,343.02
32689,302.1
32690,298.98
32691,307.41
32692,313.11
32693,322.32
32694,331.2
32695,309.21
32696,321.84
32697,291.78
32698,323.22
32699,319.02
32700,303.39
32701,286.05
32702,312.9
32703,277.02
32704,300.87
32705,267.3
32706,285.27
32707,281.67
32708,279.33
32709,384.06
32710,391.14
32711,408.0
32712,287.19
32713,316.23
32714,309.33
32715,302.64
32716,312.15
32717,364.44
32718,372.96
32719,312.87
32720,348.63
32721,287.67
32722,356.7
32723,372.36
32724,315.54
32725,309.39
32726,320.13
32727,362.4
32728,432.66
32729,296.22
32730,280.08
32731,380.88
32732,394.83
32733,331.02
32734,290.52
32735,288.75
32736,289.29
32737,296.82
32738,258.06
32739,282.57
32740,363.72
32741,301.77
32742,302.16
32743,260.61
32744,259.56
32745,277.38
32746,291.84
32747,336.72
32748,323.34
32749,297.0
32750,380.46
32751,307.5
32752,302.58
32753,364.05
32754,312.96
32755,415.23
32756,269.73
32757,482.46
32758,319.14
32759,374.61
32760,339.84
32761,312.36
32762,336.69
32763,308.4
32764,425.07
32765,313.5
32766,351.51
32767,289.71
32768,283.02
32769,279.18
32770,275.67
32771,334.77
32772,267.18
32773,279.18
32774,286.02
32775,249.33
32776,216.72
32777,321.15
32778,354.27
32779,312.03
32780,393.09
32781,418.71
32782,459.06
32783,336.57
32784,296.58
32785,496.56
32786,303.24
32787,354.54
32788,429.33
32789,481.08
32790,513.27
32791,454.14
32792,443.46
32793,311.01
32794,302.76
32795,330.9
32796,319.86
32797,357.78
32798,335.7
32799,321.72
32800,311.91
32801,328.62
32802,338.76
32803,325.95
32804,323.16
32805,404.01
32806,341.4
32807,407.73
32808,344.46
32809,311.04
32810,273.54
32811,333.12
32812,297.51
32813,349.41
32814,373.08
32815,352.89
32816,338.01
32817,288.18
32818,294.18
32819,341.91
32820,244.17
32821,245.43
32822,231.0
32823,270.81
32824,267.48
32825,266.97
32826,288.81
32827,237.03
32828,284.58
32829,275.85
32830,296.82
32831,278.46
32832,247.83
32833,266.13
32834,254.16
32835,262.68
32836,252.0
32837,237.06
32838,249.87
32839,240.6
32840,289.56
32841,304.5
32842,275.55
32843,338.82
32844,295.38
32845,309.6
32846,285.93
32847,265.89
32848,245.64
32849,250.56
32850,290.04
32851,287.28
32852,285.87
32853,295.23
32854,284.37
32855,274.38
32856,309.75
32857,303.12
32858,314.85
32859,295.98
32860,308.76
32861,327.48
32862,332.31
32863,383.16
32864,310.68
32865,381.57
32866,333.3
32867,400.41
32868,365.88
32869,351.75
32870,341.73
32871,323.64
32872,308.37
32873,276.03
32874,282.57
32875,351.12
32876,394.2
32877,366.06
32878,301.59
32879,369.27
33432,537.48
33433,486.57
33434,356.07
33435,352.71
33436,479.37
33437,363.57
33438,355.05
33439,353.52
33440,323.52
33441,338.13
33442,354.93
33443,409.92
33444,354.12
33445,381.66
33446,476.76
33447,479.07
33448,390.51
33449,487.53
33450,468.39
33451,460.95
33452,507.21
33453,390.81
33454,410.73
33455,391.38
33456,450.12
33457,344.19
33458,297.51
33459,264.27
33460,387.09
33461,230.82
33462,230.1
33463,215.49
33464,242.43
33465,219.54
33466,260.64
33467,227.61
33468,226.92
33469,218.04
33470,217.47
33471,213.93
33472,220.5
33473,222.45
33474,227.43
33475,230.43
33476,268.44
33477,256.95
33478,248.97
33479,242.82
33480,216.09
33481,216.06
33482,222.99
33483,221.82
33484,206.76
33485,269.76
33486,282.57
33487,291.21
33488,288.39
33489,273.84
33490,257.01
33491,229.44
33492,255.24
33493,275.31
33494,274.17
33495,242.16
33496,291.99
33497,293.43
33498,294.12
33499,300.48
33500,231.03
33501,238.74
33502,281.79
33503,314.64
33504,344.28
33505,367.62
33506,346.89
33507,323.94
33508,356.34
33509,323.28
33510,296.94
33511,289.38
33512,315.3
33513,398.85
33514,387.36
33515,336.66
33516,366.24
33517,383.76
33518,304.8
33519,365.55
33520,292.98
33521,318.06
33522,289.2
33523,267.09
33524,295.47
33525,290.13
33526,270.75
33527,329.43
33528,340.71
33529,346.95
33530,305.58
33531,307.08
33532,316.98
33533,328.08
33534,315.66
33535,302.1
33536,311.61
33537,299.52
33538,359.61
33539,286.68
33540,302.4
33541,276.45
33542,393.63
33543,344.04
33544,278.13
33545,300.45
33546,323.7
33547,396.12
33548,437.7
33549,355.2
33550,287.58
33551,317.79
33552,285.75
33553,299.61
33554,336.93
33555,273.78
33556,333.27
33557,318.6
33558,394.02
33559,326.19
33560,352.71
33561,302.97
33562,369.09
33563,293.91
33564,319.11
33565,294.63
33566,328.92
33567,277.29
33568,285.15
33569,270.54
33570,295.65
33571,376.11
33572,265.59
33573,365.37
33574,397.65
33575,325.59
33576,329.16
33577,354.3
33578,297.48
33579,384.81
33580,318.39
33581,347.64
33582,387.03
33583,389.76
33584,418.23
33585,382.32
33586,456.72
33587,327.99
33588,408.0
33589,325.14
33590,344.76
33591,426.45
33592,382.53
33593,353.94
33594,432.39
33595,433.41
33596,344.43
33597,336.09
33598,349.92
33599,301.2
34152,431.88
34153,361.8
34154,279.54
34155,341.82
34156,311.19
34157,304.8
34158,361.95
34159,279.39
34160,248.73
34161,286.17
34162,270.6
34163,234.06
34164,212.28
34165,262.89
34166,243.51
34167,233.31
34168,278.43
34169,267.99
34170,308.67
34171,296.55
34172,380.88
34173,339.15
34174,436.71
34175,402.18
34176,376.77
34177,382.11
34178,424.32
34179,305.67
34180,383.1
34181,286.02
34182,504.09
34183,468.81
34184,347.13
34185,400.5
34186,449.19
34187,436.05
34188,366.78
34189,403.92
34190,431.82
34191,375.42
34192,406.02
34193,365.01
34194,343.56
34195,346.95
34196,460.02
34197,408.6
34198,384.66
34199,458.04
34200,395.4
34201,385.26
34202,445.29
34203,425.7
34204,470.19
34205,553.05
34206,477.0
34207,435.12
34208,376.95
34209,419.16
34210,508.26
34211,442.74
34212,447.51
34213,460.38
34214,519.72
34215,517.92
34216,470.16
34217,460.29
34218,434.76
34219,525.12
34220,534.45
34221,401.13
34222,391.23
34223,530.04
34224,385.38
34225,422.04
34226,465.27
34227,236.19
34228,205.02
34229,215.91
34230,214.92
34231,205.65
34232,201.3
34233,221.55
34234,219.18
34235,238.05
34236,220.02
34237,234.36
34238,237.39
34239,248.49
34240,236.82
34241,228.75
34242,228.78
34243,355.56
34244,309.84
34245,397.56
34246,265.86
34247,318.24
34248,285.45
34249,339.21
34250,263.34
34251,253.17
34252,265.5
34253,359.97
34254,377.46
34255,306.84
34256,334.77
34257,348.18
34258,275.1
34259,335.13
34260,338.73
34261,339.27
34262,334.44
34263,287.94
34264,417.21
34265,341.52
34266,305.1
34267,297.96
34268,355.05
34269,490.95
34270,368.76
34271,345.9
34272,342.0
34273,427.53
34274,405.42
34275,472.71
34276,436.8
34277,438.33
34278,429.18
34279,396.66
34280,340.26
34281,437.73
34282,460.2
34283,438.3
34284,452.97
34285,417.45
34286,420.09
34287,411.03
34288,602.43
34289,430.2
34290,474.63
34291,414.6
34292,402.42
34293,377.91
34294,401.31
34295,375.09
34296,377.55
34297,375.12
34298,382.86
34299,466.11
34300,397.2
34301,378.72
34302,287.91
34303,283.62
34304,252.39
34305,300.75
34306,311.73
34307,208.5
34308,214.17
34309,207.12
34310,213.54
34311,219.51
34312,202.5
34313,203.85
34314,198.24
34315,198.57
34316,199.98
34317,202.17
34318,209.94
34319,201.33
34320,200.88
34321,194.91
34322,198.51
34323,196.29
34324,194.97
34325,198.09
34326,197.34
34327,201.84
34328,202.89
34329,201.96
34330,200.79
34331,203.49
34332,203.7
34333,204.3
34334,203.79
34335,206.19
34336,210.93
34337,202.53
34338,202.11
34339,208.23
34340,209.37
34341,205.29
34342,213.57
34343,209.28
34896,209.52
34897,229.74
34898,203.94
34899,229.74
34900,225.0
34901,213.72
34902,274.65
34903,303.09
34904,278.88
34905,235.8
34906,235.29
34907,269.13
34908,238.86
34909,256.56
34910,279.36
34911,275.43
34912,267.18
34913,449.82
34914,483.81
34915,363.48
34916,547.38
34917,388.59
34918,427.74
34919,387.48
34920,416.58
34921,560.31
34922,496.62
34923,403.92
34924,405.57
34925,393.75
34926,423.75
34927,316.41
34928,351.87
34929,400.38
34930,419.85
34931,358.08
34932,437.79
34933,523.17
34934,520.56
34935,402.66
34936,373.65
34937,487.74
34938,590.31
34939,446.4
34940,595.26
34941,670.77
34942,568.44
34943,668.88
34944,596.94
34945,550.38
34946,615.33
34947,520.92
34948,430.17
34949,335.19
34950,334.86
34951,399.36
34952,353.67
34953,384.39
34954,301.23
34955,411.36
34956,306.45
34957,334.83
34958,307.8
34959,357.72
34960,386.73
34961,335.61
34962,315.15
34963,477.3
34964,394.2
34965,464.82
34966,438.06
34967,437.1
34968,441.51
34969,334.98
34970,298.32
34971,321.24
34972,418.71
34973,429.93
34974,380.34
34975,377.76
34976,405.42
34977,398.52
34978,301.92
34979,288.06
34980,298.05
34981,246.9
34982,271.08
34983,286.47
34984,243.96
34985,239.34
34986,229.41
34987,222.12
34988,329.01
34989,336.87
34990,294.27
34991,451.53
34992,468.39
34993,404.55
34994,410.97
34995,327.51
34996,312.18
34997,296.94
34998,339.12
34999,345.69
35000,277.8
35001,259.41
35002,298.02
35003,340.83
35004,248.16
35005,281.7
35006,234.93
35007,239.34
35008,254.91
35009,222.78
35010,248.91
35011,319.77
35012,325.17
35013,325.83
35014,389.97
35015,383.22
35016,336.69
35017,367.65
35018,246.6
35019,241.29
35020,314.28
35021,336.81
35022,290.25
35023,291.66
35024,237.06
35025,269.7
35026,320.58
35027,301.68
35028,235.86
35029,239.28
35030,266.31
35031,259.95
35032,234.12
35033,278.97
35034,364.32
35035,285.12
35036,268.14
35037,243.03
35038,234.63
35039,247.17
35040,201.57
35041,204.45
35042,202.59
35043,207.24
35044,211.29
35045,201.96
35046,204.75
35047,200.13
35048,205.62
35049,205.11
35050,206.91
35051,203.61
35052,206.1
35053,202.71
35054,201.09
35055,201.06
35056,208.02
35057,201.09
35058,193.74
35059,197.88
35060,197.7
35061,206.52
35062,204.9
35063,204.84
